name, name_abr, price_value, market_cap, fully_distributed_market_cap, volume_24h, volume_slash_market_cap, circulating_supply 
"Bitcoin","BTC","$39,712.91","$745,693,007,688","$833,971,113,710","$30,521,326,244","0.04093","18,777,093.00 BTC"
"THETA","THETA","$6.55","$6,550,225,629","$6,550,225,629","$437,869,938","0.06685","1.00B THETA"
"Ethereum Classic","ETC","$52.23","$6,725,134,105","$11,003,902,743","$2,271,529,850","0.3378","128,771,199.55 ETC"
"Polygon","MATIC","$1.07","$6,874,382,424","0.7892","$10,683,239,598","$8,710,253,697","$581,126,720"
"Wrapped Bitcoin","WBTC","$39,731.14","$7,688,919,768","$7,688,919,768","$416,826,203","0.05421","193,523.75 WBTC"
"Litecoin","LTC","$142.00","$9,478,878,660","$11,928,009,311","$1,464,324,689","0.1545","66,752,614.52 LTC"
"Solana","SOL","$36.75","$10,018,964,282","$18,172,742,687","$586,226,581","0.05851","272,637,427.58 SOL"
"Polkadot","DOT","$19.01","$18,654,206,392","$20,854,668,691","$1,738,745,514","0.09321","981,040,347.34 DOT"
"Dogecoin","DOGE","$0.2007","$26,237,988,386","$26,237,988,386","$1,065,666,808","0.04062","130.73B DOGE"
"Binance USD","BUSD","$1.00","$11,967,062,181","$11,967,062,181","$5,191,425,551","0.4338","11.97B BUSD"
"Uniswap","UNI","$24.74","$14,532,273,951","3.25","$24,740,549,368","$4,472,653,666","$655,269,928"
"Bitcoin Cash","BCH","$540.87","$10,173,289,383","$11,358,226,189","$1,999,112,209","0.1965","18,809,193.75 BCH"
"USD Coin","USDC","$1.00","$27,650,105,487","$27,650,105,487","$3,110,548,261","0.1125","27.65B USDC"
"Chainlink","LINK","$23.91","$10,591,955,002","$23,909,089,337","$1,251,901,806","0.1182","443,009,553.92 LINK"
"XRP","XRP","$0.7255","$33,634,451,808","$72,545,461,247","$2,366,664,967","0.07036","46.36B XRP"
"Cardano","ADA","$1.38","$44,246,907,476","$62,064,762,590","$1,766,558,892","0.03993","32.08B ADA"
"Ravencoin","RVN","$0.07337","$686,989,410","$1,540,859,807","$53,488,313","0.07786","9.36B RVN"
"ICON","ICX","$1.07","$696,696,271","$852,550,126","$78,767,137","0.1131","654,128,690.82 ICX"
"Mdex","MDX","$1.19","$704,242,536","$1,186,399,217","$43,544,761","0.06183","593,596,594.95 MDX"
"SwissBorg","CHSB","$0.7099","$709,874,331","$709,874,331","$5,119,662","0.007212","1.00B CHSB"
"Perpetual Protocol","PERP","$16.32","$720,406,357","$2,448,747,210","$55,529,942","0.07708","44,129,076.71 PERP"
"Ankr","ANKR","$0.09474","$725,984,601","5.4","$947,401,976","$134,539,426","$47,623,810"
"Ontology","ONT","$0.8414","$738,701,874","$841,415,648","$129,616,777","0.1755","877,927,426.00 ONT"
"Horizen","ZEN","$64.96","$739,001,740","$1,364,119,029","$74,934,076","0.1014","11,376,600.00 ZEN"
"0x","ZRX","$0.8826","$746,096,865","$882,598,069","$136,501,932","0.183","845,341,601.79 ZRX"
"Siacoin","SC","$0.01582","$768,123,065","$768,123,065","$55,528,037","0.07229","48.54B SC"
"Qtum","QTUM","$8.13","$801,816,950","$876,909,791","$181,358,529","0.2262","98,589,197.73 QTUM"
"DigiByte","DGB","$0.05137","$747,584,409","$1,078,798,434","$26,232,880","0.03509","14.55B DGB"
"Celo","CELO","$2.79","$798,988,563","$2,786,820,394","$23,598,385","0.02954","286,702,568.00 CELO"
"Harmony","ONE","$0.07771","$810,170,317","$979,145,352","$21,202,029","0.02617","10.43B ONE"
"Voyager Token","VGX","$3.64","$808,115,044","$808,115,048","$13,426,822","0.01661","222,295,208.00 VGX"
"KuCoin Token","KCS","$10.33","$827,634,617","$1,757,344,824","$17,265,982","0.02086","80,118,638.00 KCS"
"BitShares","BTS","$0.04681","$140,181,358","$168,558,368","$17,839,302","0.1273","2.99B BTS"
"ZKSwap","ZKS","$0.7261","$143,362,688","$726,107,618","$10,549,264","0.07358","197,440,000.00 ZKS"
"Ampleforth","AMPL","$1.06","$143,031,261","$419,059,805","$5,222,598","0.03651","134,937,114.58 AMPL"
"RSK Infrastructure Framework","RIF","$0.1912","$144,079,450","$191,210,217","$2,978,378","0.02067","753,513,341.86 RIF"
"Syntropy","NOIA","$0.333","$144,459,467","$332,993,536","$1,405,301","0.009728","433,820,634.52 NOIA"
"aelf","ELF","$0.27","$147,008,474","$269,997,833","$63,618,212","0.4328","544,480,199.99 ELF"
"MCO","MCO","$9.24","$145,897,930","2.96","$291,796,047","$49,330,775","$663,740"
"Metadium","META","$0.12","$149,391,764","$239,903,853","$19,093,620","0.1278","1.25B META"
"Strike","STRK","$50.93","$150,306,777","$333,117,843","$23,378,720","0.1555","2,951,327.33 STRK"
"Ark","ARK","$1.16","$151,508,503","$184,047,301","$10,009,828","0.06607","130,937,687.48 ARK"
"NuCypher","NU","$0.2299","$152,727,275","$893,345,939","$18,063,355","0.1183","664,250,000.00 NU"
"Ultra","UOS","$0.5487","$155,175,415","$548,736,550","$1,667,577","0.01075","282,786,730.14 UOS"
"Aragon","ANT","$4.00","$158,427,501","$158,427,505","$18,495,405","0.1167","39,609,522.81 ANT"
"DODO","DODO","$1.46","$161,632,201","0.7388","$1,462,047,292","$218,790,177","$106,513,744"
"ABBC Coin","ABBC","$0.1862","$161,906,093","$279,309,849","$30,316,462","0.1872","869,497,230.31 ABBC"
"Badger DAO","BADGER","$16.55","$165,006,223","0.2885","$347,551,914","$571,921,855","$92,917,982"
"Newscrypto","NWC","$0.7358","$113,380,460","$206,026,402","$4,596,411","0.04054","154,089,614.10 NWC"
"Venus ETH","vETH","$56.43","$114,769,555","$114,769,555","- -","--","2,033,994.00 vETH"
"Aavegotchi","GHST","$1.98","$117,045,099","$122,227,964","$93,925,729","0.8025","59,214,293.46 GHST"
"Utrust","UTK","$0.2612","$117,554,624","$130,616,249","$12,226,441","0.104","450,000,000.00 UTK"
"Alpaca Finance","ALPACA","$0.8424","$118,069,037","$158,366,189","$26,420,092","0.2238","140,162,360.93 ALPACA"
"Cream Finance","CREAM","$193.20","$119,084,236","0.08979","$565,110,029","$1,326,277,803","$8,418,365"
"Alchemy Pay","ACH","$0.0395","$119,159,335","$394,993,814","$225,865,201","1.9","3.02B ACH"
"Lido DAO Token","LDO","$4.86","$119,349,848","0.03793","$4,863,626,155","$3,146,427,156","$169,768,288"
"XeniosCoin","XNC","$1.58","$120,265,765","$173,441,383","$51,201","0.0004257","76,274,958.05 XNC"
"Klever","KLV","$0.03548","$120,557,290","$354,829,086","$1,471,338","0.0122","3.40B KLV"
"Ethernity Chain","ERN","$10.73","$120,295,183","$322,015,026","$71,162,206","0.5916","11,207,102.80 ERN"
"XYO","XYO","$0.009419","$120,988,401","$131,501,716","$1,590,970","0.01315","12.84B XYO"
"Oasis Network","ROSE","$0.08145","$122,181,893","$814,545,953","$14,560,585","0.1192","1.50B ROSE"
"QuarkChain","QKC","$0.01858","$118,902,879","$185,788,463","$14,681,486","0.1235","6.40B QKC"
"CRYPTO20","C20","$3.11","$124,373,147","$126,580,074","$8,706","0.00007","39,947,242.35 C20"
"Dero","DERO","$11.51","$123,831,090","$211,708,172","$1,070,764","0.008647","10,762,419.00 DERO"
"Shyft Network","SHFT","$0.6363","$66,806,353","$1,603,507,615","$1,563,247","0.0234","104,989,841.00 SHFT"
"Verasity","VRA","$0.01557","$67,841,225","$161,274,195","$37,632,133","0.5547","4.36B VRA"
"WELL","WELL","$0.4904","$67,221,185","$1,029,796,388","$1,016,454","0.01512","137,080,000.00 WELL"
"BEPRO Network","BEPRO","$0.0101","$68,338,624","$101,018,055","$2,503,570","0.03663","6.76B BEPRO"
"Super Zero Protocol","SERO","$0.2095","$67,937,175","$135,594,892","$631,149","0.00929","324,350,902.00 SERO"
"Hegic","HEGIC","$0.1208","$68,361,782","1.48","$363,946,731","$46,192,423","$6,076,992"
"LGCY Network","LGCY","$0.005261","$66,888,898","$110,482,544","$5,166,814","0.07724","12.71B LGCY"
"Qcash","QC","$0.1545","$71,061,879","$1,544,822,790","$273,827,864","3.85","460,000,200.00 QC"
"MXC","MXC","$0.02728","$71,328,375","$72,076,996","$17,858,374","0.2504","2.61B MXC"
"Casper","CSPR","$0.06645","$72,813,051","$681,633,184","$8,787,258","0.1207","1.10B CSPR"
"Function X","FX","$0.3287","$72,861,743","$622,281,848","$533,464","0.007322","221,650,251.68 FX"
"Handshake","HNS","$0.1672","$68,101,776","$341,018,287","$429,779","0.006311","407,390,536.35 HNS"
"DerivaDAO","DDX","$2.64","$68,773,847","1.78","$263,555,214","$38,612,799","$176,599"
"Beefy.Finance","BIFI","$1,018.52","$73,333,115","$81,481,239","$3,091,378","0.04216","72,000.00 BIFI"
"Aion","AION","$0.1367","$67,558,142","$67,558,142","$7,677,630","0.1136","494,216,228.00 AION"
"Sora","XOR","$214.70","$74,159,603","$74,159,603","$2,446,618","0.03299","345,412.80 XOR"
"Lattice Token","LTX","$1.40","$40,220,125","$140,365,292","$1,587,614","0.03947","28,653,895.88 LTX"
"Atari Token","ATRI","$0.0474","$40,381,766","$368,335,047","$652,282","0.01615","851,959,940.00 ATRI"
"Veritaseum","VERI","$18.89","$40,603,968","$1,888,867,257","$311","0.00000767","2,149,646.44 VERI"
"CargoX","CXO","$0.2449","$40,867,852","$52,692,127","$92,642","0.002267","166,845,647.35 CXO"
"Safe","SAFE","$1.97","$41,143,124","$58,450,073","- -","--","20,835,499.35 SAFE"
"mStable USD","MUSD","$1.01","$41,433,337","$41,433,337","$210,767","0.005087","41,085,970.46 MUSD"
"Dogelon Mars","ELON","$0.00000008516","$41,460,441","$85,157,626","$5,982,899","0.1443","486,867.03B ELON"
"Hoge Finance","HOGE","$0.0001025","$41,677,492","$102,539,636","$2,072,263","0.04972","406.45B HOGE"
"PlatonCoin","PLTC","$0.5107","$41,491,736","$153,196,167","$94,710","0.002283","81,252,168.66 PLTC"
"Oxen","OXEN","$0.7651","$42,022,855","$42,022,855","$81,118","0.00193","54,926,113.00 OXEN"
"ChainX","PCX","$3.88","$42,490,148","$81,569,339","$802,369","0.01888","10,939,075.00 PCX"
"ShareToken","SHR","$0.01808","$41,797,939","$116,343,419","$841,472","0.02013","2.31B SHR"
"Valobit","VBIT","$0.04185","$41,983,712","$66,960,708","$64,148","0.001528","1.00B VBIT"
"My DeFi Pet","DPET","$6.11","$42,044,376","$611,269,835","$7,263,927","0.1728","6,878,202.33 DPET"
"xDai","STAKE","$7.10","$42,161,528","0.1336","$60,630,356","$315,610,311","$2,281,031"
"Rai Reflex Index","RAI","$3.01","$42,609,208","0.3172","$42,609,208","$134,332,942","$13,954,328"
"BASIC","BASIC","$0.005557","$28,182,876","$55,571,069","$651,056","0.0231","5.07B BASIC"
"Phantasma","SOUL","$0.2604","$26,500,406","$26,500,406","$550,180","0.02076","101,765,516.00 SOUL"
"GET Protocol","GET","$2.32","$26,365,707","$54,102,590","$532,757","0.02021","11,388,257.65 GET"
"Mirrored Tesla","mTSLA","$724.09","$26,754,678","- -","$48,188","0.001801","36,949.53 mTSLA"
"Mirrored Twitter","mTWTR","$69.19","$26,841,645","- -","$24,590","0.0009161","387,948.45 mTWTR"
"Gifto","GTO","$0.03501","$26,966,947","$35,011,238","$9,341,432","0.3464","770,236,879.20 GTO"
"CUTcoin","CUT","$0.1907","$27,289,171","$38,147,518","$205","0.0000075","143,071,804.45 CUT"
"Darwinia Network","RING","$0.06074","$27,430,872","$607,411,253","$28,223,433","1.03","451,602,953.87 RING"
"Switcheo","SWTH","$0.01802","$27,561,533","$28,746,840","$188,512","0.00684","1.53B SWTH"
"Phoenix Global","PHB","$0.007638","$27,685,207","$27,685,207","$399,876","0.01444","3.62B PHB"
"Mirrored Invesco QQQ Trust","mQQQ","$369.50","$27,565,743","- -","- -","--","74,602.37 mQQQ"
"LGO Token","LGO","$0.5173","$27,927,016","$112,692,713","$154,063","0.005517","53,985,545.00 LGO"
"Dfyn Network","DFYN","$1.43","$27,911,365","$356,545,011","$3,716,795","0.1332","19,570,716.00 DFYN"
"Unifty","NIF","$26.69","$27,989,826","$133,474,689","$352,469","0.01259","1,048,506.90 NIF"
"pNetwork","PNT","$0.8892","$27,987,855","$78,234,612","$16,225,094","0.5797","31,475,689.64 PNT"
"Mirrored Netflix","mNFLX","$524.96","$27,989,916","- -","$600","0.00002145","53,318.63 mNFLX"
"Bao Finance","BAO","$0.0008303","$28,286,292","$465,207,811","$1,169,787","0.04136","34.07B BAO"
"Unicly CryptoPunks Collection","UPUNK","$0.07229","$18,071,827","$18,071,827","$41,439","0.002293","250,000,000.00 UPUNK"
"Wabi","WABI","$0.1804","$17,989,755","$18,043,887","$2,129,704","0.1184","99,699,999.34 WABI"
"InsurAce","INSUR","$1.61","$18,151,930","$161,112,376","$3,162,496","0.1742","11,266,626.49 INSUR"
"GameCredits","GAME","$0.1201","$18,244,243","$24,023,440","$1,871,499","0.1026","151,887,016.84 GAME"
"Bankera","BNK","$0.0007372","$18,340,467","$18,429,731","$2,350","0.0001281","24.88B BNK"
"BABB","BAX","$0.0003693","$18,405,587","$18,465,600","$407,066","0.02212","49.84B BAX"
"The Midas Touch Gold","TMTG","$0.002101","$18,450,694","$19,248,675","$4,225,773","0.229","8.78B TMTG"
"Hermez Network","HEZ","$3.94","$18,541,259","$394,494,881","$2,391,579","0.129","4,700,000.00 HEZ"
"Measurable Data Token","MDT","$0.02783","$18,704,458","$27,834,415","$2,785,875","0.1489","671,990,346.00 MDT"
"Electric Vehicle Zone","EVZ","$0.04464","$19,765,072","$375,908,245","$1,915,697","0.09692","442,733,056.00 EVZ"
"Restart Energy MWAT","MWAT","$0.03756","$18,778,553","$18,778,553","$25,404","0.001353","500,000,000.00 MWAT"
"Venus SXP","vSXP","$0.04724","$18,737,573","$18,737,573","- -","--","396,674,884.00 vSXP"
"UBIX.Network","UBX","$0.0004156","$18,935,672","$415,637,389","$1,601,260","0.08456","45.56B UBX"
"Infinitecoin","IFC","$0.0002076","$18,806,373","$18,806,373","$5,982","0.0003181","90.60B IFC"
"Waves Enterprise","WEST","$0.451","$18,927,772","$180,410,868","$343,856","0.01817","41,965,923.00 WEST"
"Tokamak Network","TON","$7.03","$19,168,152","$351,407,448","$10,867,502","0.567","2,727,340.00 TON"
"Oraichain Token","ORAI","$6.32","$12,912,330","$124,923,440","$873,210","0.06763","2,044,424.00 ORAI"
"BHPCoin","BHP","$0.644","$12,994,844","$64,402,397","$2,354,467","0.1812","20,177,578.18 BHP"
"Egretia","EGT","$0.003106","$13,105,307","$24,851,830","$28,814,641","2.2","4.22B EGT"
"Validity","VAL","$2.99","$13,062,611","$26,926,462","$943,655","0.07224","4,366,095.47 VAL"
"Atomic Wallet Coin","AWC","$1.23","$13,031,708","$122,898,218","$102,210","0.007843","10,603,658.69 AWC"
"Moeda Loyalty Points","MDA","$0.6735","$13,219,973","$13,219,973","$602,374","0.04557","19,628,888.00 MDA"
"ICHI","ICHI","$3.97","$13,275,910","$19,859,639","$3,427,037","0.2581","3,342,434.86 ICHI"
"Factom","FCT","$1.36","$13,344,646","$13,344,646","$14,861","0.001114","9,847,120.51 FCT"
"Polkamarkets","POLK","$0.3172","$13,347,186","$31,721,540","$544,448","0.04079","42,076,098.13 POLK"
"Mist","MIST","$0.2368","$13,344,206","$236,779,553","$21,179,456","1.59","56,357,088.00 MIST"
"FOAM","FOAM","$0.04236","$13,408,552","$42,355,464","$75,997","0.005668","316,571,949.76 FOAM"
"Dovu","DOV","$0.01902","$13,502,932","$18,333,862","$4,171,590","0.3089","709,812,517.34 DOV"
"Benchmark Protocol","MARK","$1.34","$13,524,687","$28,704,584","$298,240","0.02205","10,095,873.01 MARK"
"STEM CELL COIN","SCC","$0.04192","$13,440,809","$209,581,605","- -","--","320,658,118.00 SCC"
"Chrono.tech","TIME","$19.02","$13,506,385","$13,506,385","$327,223","0.02423","710,112.00 TIME"
"FLETA","FLETA","$0.01196","$13,321,388","$23,913,026","$1,361,643","0.1022","1.11B FLETA"
"MOBOX","MBOX","$1.26","$13,620,895","$1,255,060,768","$4,466,812","0.3279","10,852,777.67 MBOX"
"BioPassport Token","BIOT","$0.01785","$9,216,770","$157,038,312","$793,696","0.08611","516,482,722.00 BIOT"
"Kryll","KRL","$0.2911","$9,223,332","$14,383,407","$119,322","0.01294","31,688,781.00 KRL"
"Presearch","PRE","$0.02632","$9,229,994","$13,160,834","$155,186","0.01681","350,661,436.00 PRE"
"DeFiner","FIN","$0.2231","$9,229,359","11.27","$37,484,628","$818,799","$308,202"
"Ripio Credit Network","RCN","$0.01826","$9,285,933","$18,263,796","$181,863","0.01958","508,404,745.75 RCN"
"Levolution","LEVL","$0.09206","$9,357,831","$28,630,388","$180,441","0.01928","101,650,229.97 LEVL"
"Everex","EVX","$0.4104","$9,316,907","$10,260,911","$2,371,176","0.2545","22,700,000.00 EVX"
"Pillar","PLR","$0.03582","$9,290,869","$28,659,136","$216,298","0.02328","259,348,201.00 PLR"
"Tachyon Protocol","IPX","$0.03558","$9,494,151","$53,366,201","$1,620,220","0.1707","266,858,530.80 IPX"
"PolySwarm","NCT","$0.006089","$9,415,831","$11,482,659","$8,326","0.0008843","1.55B NCT"
"Vitae","VITAE","$0.4827","$9,399,197","$48,272,360","$38,902","0.004139","19,471,178.43 VITAE"
"Equalizer","EQZ","$0.4824","$9,479,790","$48,243,205","$604,237","0.06374","19,650,000.00 EQZ"
"Origo","OGO","$0.02196","$9,673,999","$14,961,248","$49,173,632","5.08","440,516,789.15 OGO"
"Unido EP","UDO","$0.2046","$6,951,108","$23,524,056","$1,475,665","0.2123","33,981,277.09 UDO"
"Aragon Court","ANJ","$0.07857","$9,635,904","$10,107,307","$151,412","0.01571","122,645,461.39 ANJ"
"Zap","ZAP","$0.04069","$9,608,754","$21,158,879","$75,956","0.007905","236,144,465.00 ZAP"
"EXMO Coin","EXM","$0.06487","$6,965,292","$79,383,224","$210,339","0.0302","107,375,446.07 EXM"
"Insights Network","INSTAR","$0.03544","$6,973,782","$10,633,278","$10","0.00000138","196,753,507.90 INSTAR"
"Jobchain","JOB","$0.0009666","$6,905,631","$96,659,880","$215,849","0.03126","7.14B JOB"
"Grid+","GRID","$0.245","$9,613,722","$73,505,976","$288,208","0.02998","39,236,491.00 GRID"
"ProximaX","XPX","$0.001144","$6,975,795","$10,296,450","$60,523","0.008676","6.10B XPX"
"EasyFi","EASY","$2.75","$6,951,547","$27,532,691","$6,989,170","1.01","2,524,833.87 EASY"
"CoinPoker","CHP","$0.02547","$6,995,834","$7,085,388","$4,519","0.0006459","274,720,611.95 CHP"
"ExNetwork Token","EXNT","$0.1112","$7,008,892","$11,116,385","$1,957","0.0002793","63,050,105.09 EXNT"
"Graphlinq Protocol","GLQ","$0.02072","$7,043,334","$10,357,847","$1,998,329","0.2837","339,999,895.00 GLQ"
"TrustVerse","TRV","$0.01388","$7,062,856","$13,881,833","$140,752","0.01993","508,784,134.11 TRV"
"CyberVein","CVT","$0.006684","$7,087,923","$14,354,144","$63,362","0.008939","1.06B CVT"
"ROOBEE","ROOBEE","$0.002822","$7,094,781","$15,238,994","$1,368,350","0.1929","2.51B ROOBEE"
"Cryptopay","CPAY","$0.1041","$7,119,193","$9,413,184","$0","0.00000003","68,380,685.00 CPAY"
"U Network","UUU","$0.0005014","$5,011,279","$5,013,986","$2,111,227","0.4213","9.99B UUU"
"Matrix AI Network","MAN","$0.0235","$5,036,141","$23,500,200","$429,558","0.0853","214,302,041.86 MAN"
"Duck DAO (DLP Duck Token)","DUCK","$0.1638","$5,130,683","$15,724,363","$367,870","0.0717","31,319,194.87 DUCK"
"Quark","QRK","$0.01893","$5,180,915","$5,180,915","$827","0.0001596","273,681,440.00 QRK"
"Razor Network","RAZOR","$0.0591","$5,186,733","$59,102,381","$251,790","0.04855","87,758,446.00 RAZOR"
"Kattana","KTN","$3.68","$5,151,677","$36,788,944","$1,367,139","0.2654","1,400,332.97 KTN"
"Primecoin","XPM","$0.1408","$5,241,408","$5,241,408","$675,873","0.1289","37,233,585.12 XPM"
"NuBits","USNBT","$0.4766","$5,233,908","$33,605,763","- -","--","10,981,667.28 USNBT"
"Safex Token","SFT","$0.002785","$5,252,306","$5,252,306","$512","0.00009755","1.89B SFT"
"Etho Protocol","ETHO","$0.09305","$5,265,329","$5,265,329","$604,405","0.1148","56,587,495.00 ETHO"
"CWV Chain","CWV","$0.001503","$5,323,327","$15,033,771","$10,386","0.001951","3.54B CWV"
"OIN Finance","OIN","$0.1883","$5,256,622","$18,826,333","$726,325","0.1382","27,921,643.01 OIN"
"PumaPay","PMA","$0.0001712","$5,305,767","$13,358,884","$616,612","0.1162","31.00B PMA"
"Genaro Network","GNX","$0.01935","$5,296,125","$12,576,603","$2,046,724","0.3865","273,721,060.69 GNX"
"Eminer","EM","$0.003654","$5,314,976","$7,673,735","$1,148,536","0.2161","1.45B EM"
"Hyve","HYVE","$0.208","$5,335,136","$20,802,935","$539,210","0.1011","25,646,075.20 HYVE"
"Basis Cash","BAC","$0.06873","$3,759,016","9.82","$3,759,023","$382,774","$165,280"
"OneLedger","OLT","$0.008248","$3,748,028","$8,247,517","$102,102","0.02724","454,443,187.71 OLT"
"Gridcoin","GRC","$0.009532","$3,723,680","$4,015,864","$15,577","0.004183","390,651,564.81 GRC"
"Game.com","GTC","$0.004921","$3,746,972","$9,841,751","$168,663","0.04501","761,444,189.76 GTC"
"Unitrade","TRADE","$0.1359","$3,866,711","15.79","$6,794,260","$244,893","$650,830"
"Atlas Protocol","ATP","$0.001449","$3,733,924","$14,494,673","$962,741","0.2578","2.58B ATP"
"Aurox","URUS","$7.98","$3,748,629","$7,975,807","$1,909,767","0.5095","470,000.00 URUS"
"Growth DeFi","GRO","$11.09","$3,787,959","1.94","$22,174,352","$1,948,827","$279"
"Virtue Poker","VPP","$0.2628","$3,811,442","$131,390,468","$619,502","0.1625","14,504,255.00 VPP"
"BitBall","BTB","$0.005932","$3,808,533","$5,932,211","$1,087,893","0.2856","642,008,999.00 BTB"
"Xend Finance","XEND","$0.1929","$3,823,220","$38,574,173","$2,497,279","0.6532","19,822,691.00 XEND"
"Ares Protocol","ARES","$0.02516","$3,824,077","$25,163,402","$352,228","0.09211","151,969,775.90 ARES"
"Litex","LXT","$0.001907","$3,813,867","$3,813,867","$630,818","0.1654","2.00B LXT"
"World Token","WORLD","$0.04274","$3,872,157","$4,273,628","$105,994","0.02737","90,605,852.66 WORLD"
"SoMee.Social","ONG","$0.04866","$3,902,789","$3,903,528","$95","0.00002429","80,205,465.19 ONG"
"Global Social Chain","GSC","$0.006752","$3,924,161","$6,751,793","$71,174","0.01814","581,202,797.20 GSC"
"SonoCoin","SONO","$0.09936","$2,806,827","$10,197,657","$58,510","0.02085","28,250,406.69 SONO"
"SnowSwap","SNOW","$8.64","$2,810,859","2.31","$4,317,507","$1,214,722","$338,883"
"BitcoinPoS","BPS","$0.6117","$2,812,044","$12,845,145","$2,897","0.00103","4,597,295.13 BPS"
"VINchain","VIN","$0.004658","$2,748,525","$3,912,939","$225,024","0.08187","590,108,901.00 VIN"
"UniFarm","UFARM","$0.07359","$2,824,222","$73,593,595","$12,612","0.004466","38,375,919.00 UFARM"
"Cred","LBA","$0.002851","$2,823,929","$2,851,272","$332,105","0.1176","990,410,204.82 LBA"
"ChangeNOW Token","NOW","$0.03793","$3,164,944","$7,577,823","$38,541","0.01218","83,432,980.23 NOW"
"ContentBox","BOX","$0.001651","$2,838,021","$4,953,676","$38,117","0.01343","1.72B BOX"
"Public Mint","MINT","$0.1512","$2,636,601","$37,800,730","$3,643,898","1.38","17,437,500.00 MINT"
"FedoraCoin","TIPS","$0.0000139","$2,950,327","$6,709,852","$73,389","0.02487","212.27B TIPS"
"Sint-Truidense Voetbalvereniging Fan Token","STV","$14.46","$2,922,461","$14,459,468","- -","--","202,114.00 STV"
"Q DAO Governance token v1.0","QDAO","$11.09","$2,926,190","$11,079,911","$3,471","0.001186","263,856.13 QDAO"
"Tadpole Finance","TAD","$12.71","$2,927,163","$12,706,002","$13,133","0.004487","230,376.42 TAD"
"FairGame","FAIR","$0.003051","$2,928,597","$3,660,747","$1,065,317","0.3638","960,000,000.00 FAIR"
"Deri Protocol","DERI","$0.06141","$2,925,401","$24,563,382","$246,402","0.08423","47,638,409.31 DERI"
"Playcent","PCNT","$0.1194","$2,930,785","$7,162,488","$1,887,948","0.6442","24,551,123.22 PCNT"
"Crown","CRW","$0.07201","$1,996,892","$3,024,575","$3,032","0.001518","27,729,339.59 CRW"
"CPChain","CPC","$0.005355","$2,017,657","$5,355,200","$111,854","0.05544","376,765,852.27 CPC"
"adbank","ADB","$0.002273","$1,978,550","$2,272,890","$219,039","0.1107","870,499,861.02 ADB"
"PLANET","PLA","$0.008884","$1,998,897","$44,419,923","$52,921","0.02648","225,000,000.00 PLA"
"PIXEL","PXL","$0.003625","$2,021,208","$3,579,669","$1,393","0.0006893","557,577,505.00 PXL"
"NFT Index","NFTI","$912.62","$2,035,305","- -","$8,605","0.004228","2,230.17 NFTI"
"QANplatform","QARK","$0.105","$2,001,028","$34,998,960","$3,436","0.001717","19,057,960.00 QARK"
"Pepemon Pepeballs","PPBLZ","$145.53","$2,037,478","$2,037,478","$311,456","0.1529","14,000.00 PPBLZ"
"SuperLauncher","LAUNCH","$0.5003","$2,041,800","$6,003,135","$33,980","0.01664","4,081,466.89 LAUNCH"
"Coldstack","CLS","$1.36","$2,046,081","$67,977,248","$233,758","0.1142","1,504,975.00 CLS"
"Chainge","CHNG","$0.03912","$2,049,754","$31,871,263","$388,647","0.1896","52,394,312.00 CHNG"
"ScPrime","SCP","$0.05581","$2,059,994","$2,432,990","$2,348","0.00114","36,912,463.85 SCP"
"ETHA Lend","ETHA","$0.2458","$2,080,181","$7,372,956","$194,403","0.09345","8,464,100.48 ETHA"
"Rune","RUNE","$108.48","$2,093,703","$2,444,108","$68,414","0.03268","19,299.93 RUNE"
"Zebi Token","ZEBI","$0.002709","$2,098,061","$2,200,416","$3,551","0.001692","774,404,671.98 ZEBI"
"Minereum","MNE","$0.1628","$2,101,439","$2,101,439","$32,094","0.01527","12,904,353.31 MNE"
"Tap","XTP","$0.0008053","$992,034","$8,052,809","$356,173","0.359","1.23B XTP"
"VegaWallet Token","VGW","$0.09264","$1,488,514","$18,527,681","- -","--","16,068,000.55 VGW"
"CannabisCoin","CANN","$0.01928","$1,489,005","$1,771,031","$0","--","77,231,175.53 CANN"
"Bitcashpay","BCP","$0.00753","$1,495,785","$6,400,127","$1,957,387","1.31","198,655,033.03 BCP"
"Tolar","TOL","$0.006856","$1,474,798","$5,212,312","$40,973","0.02778","215,107,791.35 TOL"
"PWR Coin","PWR","$0.0001566","$1,513,205","$1,558,748","- -","--","9.66B PWR"
"Fluity","FLTY","$0.05776","$1,517,665","$5,775,977","$278","0.0001831","26,275,467.26 FLTY"
"Global Cryptocurrency","GCC","$0.001205","$1,527,305","$2,891,977","$171","0.0001121","1.27B GCC"
"BeatzCoin","BTZC","$0.0006427","$1,533,251","$1,927,985","$36","0.00002323","2.39B BTZC"
"HodlTree","HTRE","$0.3364","$1,544,903","$33,641,934","- -","--","4,592,193.24 HTRE"
"Jarvis Network","JRT","$0.05348","$1,551,320","0.5834","$12,079,737","$2,659,247","$1,109,246"
"Signata","SATA","$0.0791","$1,568,893","$7,909,929","$272","0.0001734","19,834,477.59 SATA"
"Pivot Token","PVT","$0.0003051","$1,566,605","$9,584,115","$1,230,976","0.7858","5.14B PVT"
"Furucombo","COMBO","$0.3488","$1,584,413","$34,882,161","$226,070","0.1427","4,542,188.00 COMBO"
"AudioCoin","ADC","$0.001609","$1,578,239","$1,578,239","- -","--","980,733,270.76 ADC"
"Beaxy","BXY","$0.005533","$1,581,412","$2,766,684","$3,207","0.002028","285,795,489.99 BXY"
"PirateCash","PIRATE","$0.04419","$1,138,395","$4,640,349","$1,957","0.001719","25,759,163.00 PIRATE"
"reflect.finance","RFI","$0.1208","$1,141,081","$1,207,656","$16,170","0.01417","9,448,725.64 RFI"
"Nuggets","NUG","$0.0006627","$1,143,065","$6,447,826","- -","--","1.72B NUG"
"Phoenixcoin","PXC","$0.01368","$1,145,788","$1,340,396","$110","0.00009558","83,771,687.13 PXC"
"HollyGold","HGOLD","$0.3228","$1,145,381","$32,283,293","$150,292","0.1312","3,547,905.03 HGOLD"
"NuShares","NSR","$0.0001943","$1,138,399","$1,197,564","- -","--","5.86B NSR"
"Decentrahub Coin","DCNTR","$0.6484","$1,148,355","$32,419,960","$26","0.00002266","1,771,062.45 DCNTR"
"Sakura Bloom","SKB","$0.0004468","$1,153,984","$2,680,603","$98,509","0.08536","2.58B SKB"
"DeHive","DHV","$1.38","$1,166,952","$13,812,395","$2,605,537","2.23","844,858.69 DHV"
"Phantasma Energy","KCAL","$0.02499","$1,162,616","$1,162,616","$4,149","0.003569","46,527,301.65 KCAL"
"Polkalokr","LKR","$0.0749","$1,168,403","$7,489,506","$1,729,380","1.48","15,600,530.24 LKR"
"TotemFi","TOTM","$0.2211","$1,175,229","$2,211,148","$2,432,882","2.07","5,315,015.00 TOTM"
"ByteNext","BNU","$0.1581","$1,185,742","$31,619,776","$13,695","0.01155","7,500,000.00 BNU"
"BonusCloud","BXC","$0.0003817","$1,187,525","$2,671,652","$12,610","0.01062","3.11B BXC"
"Humaniq","HMQ","$0.006349","$1,179,682","$5,846,943","$53,490","0.04534","185,811,695.04 HMQ"
"Tapmydata","TAP","$0.0926","$1,209,644","$9,259,976","$1,921,434","1.59","13,063,146.63 TAP"
"Fountain","FTN","$0.009285","$823,302","$20,508,763","$8,344","0.01013","88,674,657.89 FTN"
"Ethereum Stake","ETHYS","$4.22","$843,507","$2,108,768","$590","0.0006994","200,000.00 ETHYS"
"Phoneum","PHT","$0.0002053","$846,128","$1,026,608","$8,733","0.01032","4.12B PHT"
"Maincoin","MNC","$0.002283","$853,930","$853,930","$3,070","0.003595","374,000,000.00 MNC"
"IXT","IXT","$0.02389","$854,652","$1,571,264","$436","0.0005106","35,778,843.83 IXT"
"SOAR.FI","SOAR","$0.1108","$854,797","$1,108,371","$968","0.001133","7,712,189.18 SOAR"
"Tendies","TEND","$0.1139","$854,318","$988,861","$73,369","0.08588","7,500,725.76 TEND"
"SONM (BEP-20)","SNM","$0.1641","$858,252","$7,287,514","$764,407","0.8907","5,228,999.00 SNM"
"Rocket Vault","RVF","$0.05233","$861,156","$5,233,336","$2,726,777","3.17","16,455,198.23 RVF"
"Equal","EQL","$0.002128","$863,759","$1,437,160","$63,120","0.07308","405,842,550.01 EQL"
"DPRating","RATING","$0.0004044","$865,494","$3,785,961","$109,332","0.1263","2.14B RATING"
"Nuco.cloud","NCDT","$0.1335","$869,798","$6,677,198","$1,310,735","1.51","6,513,195.58 NCDT"
"Incent","INCNT","$0.01892","$870,742","$870,742","$22","0.000025","46,015,890.97 INCNT"
"Rage Fan","RAGE","$0.01659","$875,494","$6,636,675","$311,443","0.3557","52,767,040.80 RAGE"
"Libertas Token","LIBERTAS","$0.009363","$874,351","$936,337","$3","0.00000351","93,379,956.31 LIBERTAS"
"ZumCoin","ZUM","$0.0008877","$877,782","$8,877,065","$19","0.00002116","988,819,491.22 ZUM"
"Spaceswap MILK2","MILK2","$0.08067","$595,095","$5,259,661","$27,380","0.04601","7,376,937.36 MILK2"
"Bata","BTA","$0.1179","$595,531","$1,178,662","- -","--","5,052,601.13 BTA"
"Smartshare","SSP","$0.0001293","$600,071","$1,293,278","$24,266","0.04044","4.64B SSP"
"Blockpass","PASS","$0.003588","$600,016","$3,588,100","$199","0.0003318","167,223,761.64 PASS"
"BitDegree","BDG","$0.001568","$603,132","$807,395","$336","0.0005571","384,560,931.03 BDG"
"MoonRadar","MRF","$0.09818","$606,550","$1,963,548","$10,136","0.01671","6,178,105.28 MRF"
"Decentralized Vulnerability Platform","DVP","$0.001233","$615,090","$6,166,862","$99,429","0.1616","498,706,062.49 DVP"
"Novara Calcio Fan Token","NOV","$3.00","$603,884","$3,002,649","- -","--","201,117.00 NOV"
"Space Cow Boy","SCB","$18.96","$618,913","$1,895,764","$120,236","0.1943","32,647.14 SCB"
"Earnbase","ENB","$5.09","$618,554","$5,041,393","$1,694","0.002739","121,468.21 ENB"
"EventChain","EVC","$0.01967","$614,637","$1,652,118","$20,309","0.03304","31,250,497.00 EVC"
"DoYourTip","DYT","$0.4267","$618,876","$853,345","$28,954","0.04679","1,450,470.00 DYT"
"SophiaTX","SPHTX","$0.001879","$621,877","$669,794","- -","--","330,877,003.03 SPHTX"
"GamyFi Platform","GFX","$0.8582","$622,178","$8,581,766","$238,223","0.3829","725,000.00 GFX"
"Kobocoin","KOBO","$0.02534","$626,005","$626,005","- -","--","24,700,247.68 KOBO"
"Streamity","STM","$0.01744","$627,553","$1,325,286","$1","0.00000164","35,987,749.31 STM"
"Zennies","ZENI","$0.0004028","$403,103","$403,103","- -","--","1.00B ZENI"
"Noir","NOR","$0.01971","$405,218","$405,218","$696","0.001718","20,555,627.93 NOR"
"Alpha Token","A","$0.01166","$405,121","$3,245,859","- -","--","34,731,758.90 A"
"Zeepin","ZPT","$0.0008138","$406,892","$813,783","$83,571","0.2054","500,000,000.00 ZPT"
"ATN","ATN","$0.00482","$406,335","$1,012,192","- -","--","84,302,524.16 ATN"
"HashBX","HBX","$0.0006501","$409,126","$650,149","$0","0.00000002","629,280,962.76 HBX"
"İstanbul Başakşehir Fan Token","IBFK","$2.03","$410,542","$6,093,713","- -","--","202,114.00 IBFK"
"Arbidex","ABX","$0.02007","$408,431","$501,644","$147,809","0.3619","20,354,622.00 ABX"
"MetaMorph","METM","$0.001207","$411,962","$438,031","- -","--","341,349,997.00 METM"
"Delphy","DPY","$0.006617","$411,579","$661,704","$64,610","0.157","62,199,847.56 DPY"
"OWNDATA","OWN","$0.00004055","$413,621","$4,460,282","$8","0.00001903","10.20B OWN"
"StrongHands","SHND","$0.00002414","$416,152","$699,918","$128","0.0003086","17.24B SHND"
"Startcoin","START","$0.009253","$417,106","$654,920","- -","--","45,079,785.00 START"
"Bitcloud","BTDX","$0.01126","$418,587","$493,365","$11","0.00002694","37,161,299.01 BTDX"
"Maxcoin","MAX","$0.006839","$420,221","$683,888","$482","0.001148","61,445,805.00 MAX"
"PTON","PTON","$0.00002796","$420,883","$648,768","$180","0.0004265","15.05B PTON"
"Tornado","TCORE","$70.63","$423,761","$494,387","$403,784","0.9529","6,000.00 TCORE"
"Woodcoin","LOG","$0.05321","$427,539","$427,539","$46,873","0.1096","8,035,193.05 LOG"
"Innovative Bioresearch Coin","INNBC","$0.0000009463","$275,350","$275,350","$570","0.002072","290.99B INNBC"
"MIB Coin","MIB","$0.0019","$275,695","$1,140,284","$10","0.00003523","145,066,618.45 MIB"
"Swing","SWING","$0.0523","$278,712","$278,712","$0","--","5,329,381.86 SWING"
"Zetacoin","ZET","$0.001609","$280,731","$280,731","$0","--","174,449,234.75 ZET"
"BidiPass","BDP","$0.0007275","$281,283","$1,091,284","$6,334","0.02252","386,631,336.79 BDP"
"Sora Validator Token","VAL","$0.821","$283,589","$283,589","$276,186","0.9739","345,412.89 VAL"
"Stobox Token","STBU","$0.04192","$285,137","$4,191,556","$139,540","0.4894","6,802,645.48 STBU"
"BoutsPro","BOUTS","$0.003716","$284,706","$7,432,108","- -","--","76,615,188.18 BOUTS"
"Modern Investment Coin","MODIC","$0.04225","$284,998","$2,957,446","$188,394","0.661","6,745,628.16 MODIC"
"Cryptonite","XCN","$0.0004028","$285,369","$285,369","- -","--","708,506,519.71 XCN"
"fyeth.finance","YETH","$0.5189","$286,646","$4,669,774","$1,114","0.003886","552,449.95 YETH"
"Zilla","ZLA","$0.004775","$286,509","$286,509","$7,729","0.02698","60,000,000.00 ZLA"
"Megacoin","MEC","$0.007242","$286,791","$304,147","$4","0.00001552","39,603,288.12 MEC"
"Internet of People","IOP","$0.02132","$287,015","$447,745","- -","--","13,461,468.75 IOP"
"Digitalcoin","DGC","$0.007643","$287,700","$368,155","$0","0.00000155","37,640,040.84 DGC"
"RMPL","RMPL","$0.4885","$287,707","$344,941","- -","--","588,943.15 RMPL"
"Bela","BELA","$0.003623","$178,331","$200,602","- -","--","49,215,307.35 BELA"
"SkinCoin","SKIN","$0.002039","$179,827","$791,599","$30,104","0.1674","88,183,483.00 SKIN"
"Fesschain","FESS","$0.001542","$182,074","$14,859,043","$914,329","5.02","118,093,196.15 FESS"
"ITO Utility Token","IUT","$0.001954","$180,093","$181,383","- -","--","92,163,649.00 IUT"
"MicroMoney","AMM","$0.01148","$181,186","$201,348","$140,400","0.7749","15,777,256.48 AMM"
"Felixo Coin","FLX","$0.001206","$180,897","$9,647,833","- -","--","150,000,000.00 FLX"
"megaBONK","MBONK","$0.06036","$181,083","$181,083","$8,254","0.04558","3,000,000.00 MBONK"
"Nasdacoin","NSD","$0.007147","$182,028","$600,330","$6,269","0.03444","25,469,871.40 NSD"
"W Green Pay","WGP","$0.01038","$182,982","$6,227,308","$9,584","0.05237","17,630,267.35 WGP"
"Ormeus Cash","OMC","$0.000971","$184,868","$291,772","$238","0.001287","190,398,627.27 OMC"
"TerraCredit","CREDIT","$0.001945","$184,954","$206,705","$29,217","0.158","95,083,315.00 CREDIT"
"PYRO Network","PYRO","$0.0002287","$184,921","$186,067","- -","--","808,494,197.15 PYRO"
"Bitgesell","BGL","$0.01538","$185,480","$323,043","$15,883","0.08563","12,057,473.71 BGL"
"TCASH","TCASH","$0.005276","$185,714","$464,284","$3,504","0.01887","35,200,000.00 TCASH"
"Yfscience","YFSI","$6.72","$186,561","$210,968","- -","--","27,780.60 YFSI"
"EXMR FDN","EXMR","$0.02957","$186,625","$2,217,941","$50,184","0.2689","6,310,751.46 EXMR"
"Bolivarcoin","BOLI","$0.006788","$107,767","$169,703","$3","0.00002563","15,875,876.25 BOLI"
"Beetle Coin","BEET","$0.0004081","$108,219","$108,219","$123,360","1.14","265,150,749.81 BEET"
"Unicly Genesis Collection","UUNICLY","$0.1085","$108,456","$108,456","- -","--","1,000,000.00 UUNICLY"
"Rupee","RUP","$0.002467","$108,950","$207,258","- -","--","44,156,650.00 RUP"
"Universal Currency","UNIT","$0.006792","$108,328","$1,426,340","- -","--","15,949,109.63 UNIT"
"BitBlocks Finance","BBKFI","$0.02989","$109,517","$122,237","$4,984","0.04551","3,663,422.98 BBKFI"
"Merebel","MERI","$0.01769","$109,581","$530,631","$70","0.0006356","6,195,344.25 MERI"
"PAYCENT","PYN","$0.001307","$111,472","$130,666","$110","0.0009851","85,310,628.41 PYN"
"Cashhand","CHND","$0.1131","$111,855","$4,791,388","$1,572","0.01405","989,175.33 CHND"
"FidexToken","FEX","$0.000003632","$112,390","$119,653","$0","0.00000353","30.95B FEX"
"BLOC.MONEY","BLOC","$0.00603","$112,443","$301,495","$458","0.004077","18,647,563.43 BLOC"
"Block-Logic","BLTG","$0.004976","$113,956","$174,402","$95","0.0008346","22,899,328.98 BLTG"
"Neural Protocol","NRP","$0.00001199","$113,910","$113,934","$32","0.000284","9.50B NRP"
"YENTEN","YTN","$0.002725","$114,335","$218,030","$38","0.0003291","41,952,065.21 YTN"
"wave edu coin","WEC","$0.000804","$114,551","$179,289","- -","--","142,479,440.74 WEC"
"NPCoin","NPC","$0.001585","$114,872","$237,806","- -","--","72,457,334.95 NPC"
"Aigang","AIX","$0.001941","$56,814","$56,814","- -","--","29,274,566.72 AIX"
"Thore Cash","TCH","$0.001033","$56,865","$114,762","$83,782","1.47","55,056,178.00 TCH"
"Impleum","IMPL","$0.005628","$57,220","$57,822","$14","0.0002446","10,167,185.33 IMPL"
"BERNcash","BERN","$0.000804","$57,271","$57,271","- -","--","71,234,300.81 BERN"
"Datarius Credit","DTRC","$0.000361","$57,677","$86,644","$1","0.00001742","159,756,075.51 DTRC"
"onLEXpa","onLEXpa","$0.0001","$58,599","$58,599","$12","0.0002048","585,999,042.97 onLEXpa"
"KUN","KUN","$29.50","$59,003","$29,501,741","$447","0.007575","2,000.00 KUN"
"XPA","XPA","$0.001035","$59,160","$10,346,737","- -","--","57,177,751.25 XPA"
"ProxyNode","PRX","$0.0003216","$59,710","$88,438","$0","0.00000001","185,669,475.96 PRX"
"Micromines","MICRO","$0.000003356","$60,402","$60,403","$50","0.0008198","18.00B MICRO"
"SF Capital","SFCP","$0.0006034","$60,343","$60,343","$52","0.0008543","99,999,500.00 SFCP"
"Bitradio","BRO","$0.006025","$61,563","$91,688","$4","0.00006489","10,218,014.69 BRO"
"BitcoiNote","BTCN","$0.004824","$61,992","$101,302","$37","0.0006023","12,850,868.00 BTCN"
"Coin2.1","C2","$0.0008056","$63,031","$107,359","- -","--","78,245,974.52 C2"
"PostCoin","POST","$0.00402","$63,789","$63,789","- -","--","15,868,232.70 POST"
"Arionum","ARO","$0.000402","$64,089","$219,247","$16","0.0002497","159,429,300.00 ARO"
"FUZE Token","FUZE","$42.37","$32,108","$32,108","$58,106","1.81","757.79 FUZE"
"Paypex","PAYX","$0.0002151","$32,268","$32,269","- -","--","149,998,018.29 PAYX"
"HashNet BitEco","HNB","$0.001099","$32,579","$1,099,130","$18","0.0005509","29,640,456.26 HNB"
"Uptrennd","1UP","$0.00008052","$32,325","$80,159","$66","0.002034","401,460,369.42 1UP"
"iBTC","IBTC","$0.0006527","$32,630","$32,634","- -","--","49,993,999.11 IBTC"
"The Currency Analytics","TCAT","$0.000419","$63,443","$167,591","- -","--","151,422,946.65 TCAT"
"Aeryus","AER","$0.00266","$32,702","$133,011","- -","--","12,292,955.05 AER"
"Cryptrust","CTRT","$0.000004616","$32,738","$41,387","$1,467","0.04481","7.09B CTRT"
"Webflix Token","WFX","$0.00000229","$32,785","$61,837","$109","0.003316","14.31B WFX"
"DNotes","NOTE","$0.0002431","$32,828","$37,689","- -","--","135,043,262.25 NOTE"
"SCRIV NETWORK","SCRIV","$0.001329","$32,874","$55,808","$34","0.001042","24,744,361.69 SCRIV"
"Spectrum","SPT","$0.00002737","$32,847","$32,848","$8,857","0.2696","1.20B SPT"
"Zealium","NZL","$0.001973","$33,010","$157,814","$5","0.0001581","16,733,423.74 NZL"
"Bitcoin Adult","BTAD","$0.0006432","$33,177","$34,439","$0","0.00000023","51,582,492.98 BTAD"
"Decentralized Asset Trading Platform","DATP","$0.000002824","$33,381","$42,360","$22","0.000673","11.82B DATP"
"Ultragate","ULG","$0.002818","$33,326","$33,326","$13","0.0003987","11,825,550.91 ULG"
"SpeedCash","SCS","$0.01731","$9,950","$10,171","- -","--","574,745.00 SCS"
"MDtoken","MDTK","$0.002416","$9,921","$5,072,592","$0","0.00000122","4,107,112.00 MDTK"
"Guider","GDR","$0.00004115","$10,255","$10,682","$17","0.001689","249,181,440.00 GDR"
"XMCT","XMCT","$0.0001","$10,532","$70,001","- -","--","105,319,790.00 XMCT"
"Kabberry Coin","KKC","$0.0005632","$11,180","$33,792","- -","--","19,850,906.14 KKC"
"Squorum","SQR","$0.0008052","$10,961","$11,242","- -","--","13,613,403.15 SQR"
"ECOSC","ECU","$0.013","$11,198","$13,001,537","$137,396","12.27","861,265.11 ECU"
"SONO","SONO","$0.005636","$11,751","$11,751","$2","0.0001396","2,084,823.15 SONO"
"Castle","CSTL","$0.0005234","$11,704","$26,168","$0","0.00002822","22,362,176.28 CSTL"
"Klimatas","KTS","$0.01648","$11,915","$25,964","$220","0.01844","722,903.98 KTS"
"Apollon","XAP","$0.0000804","$11,946","$20,100","- -","--","148,585,276.41 XAP"
"GoHelpFund","HELP","$0.001015","$12,335","$23,356","- -","--","12,147,167.05 HELP"
"Cabbage","CAB","$0.001208","$12,681","$12,681","- -","--","10,499,995.91 CAB"
"Gold Poker","GPKR","$0.002416","$12,708","$80,517","- -","--","5,260,825.53 GPKR"
"Hyper Speed Network","HSN","$0.0001033","$12,706","$97,111","- -","--","122,987,865.83 HSN"
"Gossip Coin","GOSS","$0.0004023","$13,066","$13,066","- -","--","32,479,221.40 GOSS"
"SongCoin","SONG","$0.000402","$13,091","$13,091","- -","--","32,565,300.00 SONG"
"High Voltage","HVCO","$0.008857","$13,234","$15,005","$0","--","1,494,170.72 HVCO"
"Bionic","BNC","$0.0000257","$13,335","$17,988","$1","0.00007523","518,931,720.72 BNC"
"Quebecoin","QBC","$0.002011","$13,483","$17,707","- -","--","6,703,137.92 QBC"
"EagleX","EGX","$0.0004026","$13,520","$28,986","- -","--","33,583,500.00 EGX"
"Comet","CMT","$0.0161","$14,056","$14,056","- -","--","872,830.00 CMT"
"Blakecoin","BLC","$0.0004865","$14,124","$3,405,804","- -","--","29,028,832.79 BLC"
"MktCoin","MLM","$0.00001154","$13,958","$115,396","$645","0.0462","1.21B MLM"
"Acoin","ACOIN","$0.01166","$14,224","$14,224","- -","--","1,220,084.96 ACOIN"
"Luna Coin","LUNA","$0.008454","$14,427","$14,427","$0","--","1,706,429.50 LUNA"
"Nekonium","NUKO","$0.001206","$14,473","$26,057","$8","0.0005627","12,000,829.33 NUKO"
"Metahero","HERO","$0.034","- -","$340,012,663","$14,188,846","--","--"
"ARCx (old)","ARC","$7,517.70","- -","- -","$14,551,046","--","--"
"Xeno Token","XNO","$0.07521","$11,953,503","- -","$14,703,492","--","158,934,070.00 XNO"
"Beacon ETH","BETH","$2,680.89","- -","- -","$15,545,525","--","--"
"Akita Inu","AKITA","$0.000001422","- -","$142,226,973","$16,068,676","--","--"
"ETH 2x Flexible Leverage Index","ETH2X-FLI","$108.90","- -","$36,422,955","$16,846,786","--","--"
"Swarm","BZZ","$6.31","$433,484,966","$788,640,320","$16,842,270","--","68,707,647.06 BZZ"
"ETHDOWN","ETHDOWN","$3.06","- -","- -","$17,409,994","--","--"
"Linkflow Finance","LF","$1.01","- -","$2,533,541,324","$19,683,532","--","--"
"BTCUP","BTCUP","$65.75","- -","- -","$20,837,487","--","--"
"CNNS","CNNS","$0.004771","- -","$47,710,585","$21,967,578","--","--"
"SubGame","SGB","$2.86","- -","$1,431,558,020","$21,995,706","--","--"
"Gold Coin Reserve","GCR","$1,809.26","- -","$5,427,771,157","$22,650,144","--","--"
"Baby Doge Coin","BabyDoge","$0.000000002274","$627,494,280","$954,881,854","$25,160,945","--","276,000,000.00B BabyDoge"
"eCash","XEC","$0.00005848","- -","$1,228,183,044","$25,251,504","--","--"
"Wrapped Matic","WMATIC","$1.07","- -","- -","$25,436,016","--","--"
"Global AEX Token","GAT","$0.0664","- -","$6,639,545,527","$25,626,600","--","--"
"MicroSHIB","MICROSHIB","$0.000000001954","- -","- -","$2,799,700","--","--"
"LINKDOWN","LINKDOWN","$0.09141","- -","- -","$2,868,111","--","--"
"Adappter Token","ADP","$0.08069","- -","$806,902,413","$2,887,303","--","--"
"Chain Games","CHAIN","$0.1814","- -","$90,691,497","$2,910,902","--","--"
"FXT Token","FXT","$0.00187","- -","$1,870,480","$3,028,512","--","--"
"3X Short Bitcoin Token","BEAR","$0.000529","- -","$94","$3,038,421","--","--"
"DeFi of Thrones","DOTX","$0.1795","- -","$1,077,015","$3,049,408","--","--"
"UNIUP","UNIUP","$7.65","- -","- -","$3,078,464","--","--"
"ALP Coin","ALP","$0.8335","- -","$83,351,910","$3,116,079","--","--"
"Daddy Doge","DADDYDOGE","$0.00000002322","- -","$23,215,517","$3,127,220","--","--"
"CPCoin","CPC","$3.17","- -","$792,069,426","$3,144,948","--","--"
"Polkacity","POLC","$0.1525","- -","$38,128,141","$3,181,130","--","--"
"Cellframe","CELL","$0.5058","- -","$15,325,558","$3,206,698","--","--"
"Kishu Inu","KISHU","$0.00000000106","$105,970,000","$105,969,891","$3,213,569","--","100,000,000.00B KISHU"
"TRONPAD","TRONPAD","$0.0293","$5,260,166","$29,304,547","$3,204,759","--","179,500,000.00 TRONPAD"
"Pig Finance","PIG","$0.0000001036","- -","$103,642,274","$3,279,554","--","--"
"FolgoryUSD","USDF","$1.00","$45,096,710","$1,002,149,108","$1,249,761","--","45,000,000.00 USDF"
"Floki Inu","FLOKI","$0.000004893","- -","$48,933,149","$1,271,593","--","--"
"The Crypto Prophecies","TCP","$0.1546","- -","$38,644,779","$1,254,924","--","--"
"IDK","IDK","$0.06982","- -","$698,214","$1,265,098","--","--"
"FUTUREXCRYPTO","FXC","$1.78","- -","$8,899,032,194","$1,342,057","--","--"
"Lendhub","LHB","$0.06341","- -","- -","$1,344,098","--","--"
"Font","FONT","$4.61","- -","$9,216,488","$1,437,841","--","--"
"PORNROCKET","PORNROCKET","$0.000000105","$44,674,561","$104,992,293","$1,345,627","--","425,503.25B PORNROCKET"
"SwapDEX","SDX","$0.07977","- -","$26,125,571","$1,365,152","--","--"
"3X Long Dogecoin Token","DOGEBULL","$122.95","- -","$16,962","$1,366,781","--","--"
"AOS","AOS","$0.01509","- -","$1,508,588,243","$1,384,890","--","--"
"RealFevr","FEVR","$0.01108","$24,292,650","$177,318,616","$1,387,320","--","2.19B FEVR"
"Uno Re","UNO","$0.1943","- -","$73,923,934","$1,421,009","--","--"
"Firdaos","FDO","$0.6313","- -","$1,212,160","$1,417,737","--","--"
"Soda Coin","SOC","$0.01265","- -","$25,309,118","$1,422,363","--","--"
"xMARK","XMARK","$1.33","- -","$26,653,716","$1,449,998","--","--"
"Tsuki Inu","TKINU","$0.000000004434","- -","$4,434","$688,068","--","--"
"Proxy","PRXY","$17.59","- -","- -","$691,211","--","--"
"Lien","LIEN","$3.49","- -","$3,485,767","$697,762","--","--"
"Berry","BERRY","$0.002145","- -","$21,449,559","$700,760","--","--"
"Earn Defi Coin","EDC","$9.03","- -","- -","$698,587","--","--"
"Keanu Inu","KEANU","$0.00000000014","- -","$14,012,862","$707,485","--","--"
"Tianyu Finance","TYC","$0.6629","- -","$662,860,133","$721,460","--","--"
"Pando","PANDO","$0.4276","- -","$855,233,645","$724,795","--","--"
"MemePad","MEPAD","$0.0175","- -","$7,001,433","$729,373","--","--"
"Union Fair Coin","UFC","$0.1341","- -","$2,816,846","$728,526","--","--"
"xSUSHI","XSUSHI","$10.33","- -","$630,901,376","$718,774","--","--"
"EmiSwap","ESW","$0.08615","- -","$17,230,372","$713,381","--","--"
"Multiverse","AI","$0.02438","- -","$609,564,021","$737,803","--","--"
"HLP Token","HLP","$1.13","- -","$33,835,461","$729,222","--","--"
"Bilaxy Token","BIA","$0.012","- -","$24,007,828","$715,779","--","--"
"Bunicorn","BUNI","$0.2966","$3,064,844","$296,597,788","$732,688","--","10,333,333.00 BUNI"
"Zoo Token","ZOOT","$0.000000000028","$1,447,666","$2,804,829","$446,639","--","51,610,183.40B ZOOT"
"Nio tokenized stock FTX","NIO","$46.20","- -","- -","$447,951","--","--"
"Funder One Capital","FUNDX","$2,793.20","- -","$11,172,801,673,194","$449,748","--","--"
"pTokens BTC","PBTC","$38,839.23","- -","$815,623,830,662","$451,331","--","--"
"Deez Nuts","DEEZNUTS","$0.00002864","$20,662,758","$28,641,924","$451,049","--","721.42B DEEZNUTS"
"BeforeCoinMarketCap","BCMC1","$0.01427","$42,800,388","$142,667,962","$454,142","--","3.00B BCMC1"
"DinoExchange","DINO","$0.6224","- -","$124,484,662","$458,006","--","--"
"MilliMeter","MM","$0.3872","- -","$774,318,243","$460,047","--","--"
"dFund","DFND","$0.002674","- -","$2,674,150","$476,080","--","--"
"EthereumMax","EMAX","$0.00000003523","- -","$70,450,555","$464,326","--","--"
"Pallapay","PALLA","$0.07437","$2,907,736","$743,677,572","$462,303","--","39,099,420.00 PALLA"
"Relevant","REL","$1.05","- -","$29,267,843","$466,464","--","--"
"ProSwap","PROS","$1.02","- -","$10,198,384","$467,532","--","--"
"Sportemon-Go","SGO","$0.00000003585","- -","$35,846,143","$468,522","--","--"
"Vega Protocol","VEGA","$43.66","- -","$2,838,117,940","$469,118","--","--"
"LOCGame","LOCG","$0.06165","$1,849,391","$9,246,954","$472,605","--","30,000,000.00 LOCG"
"Dobermann","DOBE","$0.000000002237","- -","$2,236,510","$452,332","--","--"
"Burp","BURP","$0.1089","- -","$54,441,988","$470,176","--","--"
"BscArmy","BARMY","$0.000005421","- -","- -","$319,356","--","--"
"Blockcloud","BLOC","$0.000342","- -","$3,420,256","$318,682","--","--"
"ACENT","ACE","$0.05661","$2,796,458","$113,222,938","$324,192","--","49,397,376.00 ACE"
"Lung Protocol","L2P","$0.0003395","- -","$25,460","$320,355","--","--"
"SafeCap Token","SFC","$0.0116","- -","$1,160,491","$320,557","--","--"
"OnX Finance","ONX","$0.7386","- -","--","$7,386,450","$60,303,791","$323,076"
"EthicHub","ETHIX","$0.5258","$2,082,326","$52,576,197","$323,265","--","3,960,586.00 ETHIX"
"YMAX","YMAX","$12.87","- -","$411,972","$330,790","--","--"
"tBTC","TBTC","$40,788.36","- -","$46,336","$329,970","--","--"
"XLMDOWN","XLMDOWN","$0.0002138","- -","- -","$337,883","--","--"
"Billibilli Inc tokenized stock FTX","BILI","$81.25","- -","- -","$332,375","--","--"
"WAXE","WAXE","$169.26","- -","$626,272,325","$335,485","--","--"
"BitClout","CLOUT","$100.22","- -","$1,083,199,722","$335,619","--","--"
"Idea Chain Coin","ICH","$2.82","- -","$155,039,968","$336,000","--","--"
"DefiCliq","CLIQ","$0.02534","- -","$183,611","$333,046","--","--"
"Bezoge Earth","BEZOGE","$0.00000000017","$7,786,393","$17,019,637","$335,457","--","45,748,487.70B BEZOGE"
"ACryptoS","ACS","$19.17","$8,054,671","--","$36,202,025","$165,875,364","$229,274"
"Nabox","NABOX","$0.00001059","- -","$10,594,602","$224,178","--","--"
"Spacelens","SPACE","$0.04883","- -","$48,833,945","$232,015","--","--"
"BlackPearl Token","BPLC","$0.001209","- -","$77,397,701","$232,218","--","--"
"Carnomaly","CARR","$0.01881","- -","$9,967,078","$234,495","--","--"
"Myōbu","MYOBU","$0.000006028","- -","$6,027,574","$234,426","--","--"
"ExchangeCoin","EXCC","$0.01184","- -","$378,962","$234,708","--","--"
"Celo Euro","CEUR","$1.18","- -","$-1","$236,901","--","--"
"Charged Particles","IONX","$0.7542","- -","$754,181","$238,281","--","--"
"SaylorMoon","SMOON","$0.000000001289","- -","$1,289,126","$239,112","--","--"
"DigiDinar","DDR","$0.1459","$813,448","$17,508,987","$236,900","--","5,575,066.00 DDR"
"EscoinToken","ELG","$2.45","$86,726,146","$196,255,223","$240,530","--","35,352,392.58 ELG"
"HEdpAY","HDP.ф","$0.4866","$31,870,143","$486,567,072","$236,041","--","65,500,000.00 HDP.ф"
"BLACKHOLE PROTOCOL","BLACK","$0.04384","- -","$4,384,428","$242,329","--","--"
"TABOO TOKEN","TABOO","$0.0003063","- -","$3,003,881","$242,696","--","--"
"Evanesco Network","EVA","$0.03346","$1,338,508","$33,462,711","$161,234","--","40,000,000.00 EVA"
"Waves Ducks","EGG","$766.19","$33,640,453","$766,192,625","$165,301","--","43,906.00 EGG"
"MerchDAO","MRCH","$0.05812","- -","$581,185","$164,332","--","--"
"Jigstack","STAK","$0.008565","- -","$25,695,149","$141,943","--","--"
"Dextoken","DEXG","$6.95","$138,986","$1,389,864","$168,197","--","20,000.00 DEXG"
"WeStarter","WAR","$0.1368","- -","- -","$166,786","--","--"
"Norse Finance","NFI","$1.06","- -","$37,989","$168,960","--","--"
"Engine","EGCC","$0.0001425","- -","$1,424,909","$164,615","--","--"
"DAO1","DAO1","$1.34","- -","$4,807,783","$168,042","--","--"
"CoinWind","COW","$1.53","- -","$153,480,732","$163,997","--","--"
"Butterfly Protocol","BFLY","$0.1144","$1,261,720","- -","$169,965","--","11,027,750.45 BFLY"
"MeetPle","MPT","$0.8892","- -","$2,667,698,309","$171,321","--","--"
"BuildUp","BUP","$0.1954","- -","$1,954,150,673","$171,338","--","--"
"Rewards","RWD","$0.0129","- -","$2,718,155","$115,680","--","--"
"MixTrust","MXT","$0.001354","- -","$13,543,377","$115,104","--","--"
"PRIVATEUM INITIATIVE","PVM","$0.6612","$52,894,350","$52,894,350","$115,905","--","80,000,000.00 PVM"
"Penguin Finance","PEFI","$0.3499","- -","$7,348,118","$116,609","--","--"
"Eleven Finance","ELE","$1.49","- -","$16,400,788","$117,605","--","--"
"Friends With Benefits Pro","FWB","$23.54","- -","$23,542,648","$116,850","--","--"
"SPDR S&P 500 ETF tokenized stock FTX","SPY","$440.76","- -","- -","$117,572","--","--"
"TEAL","TEAT","$0.0477","- -","$449,380","$117,725","--","--"
"Shardus","ULT","$0.08898","- -","$88,977,121","$117,886","--","--"
"Lux Bio Cell","LBXC","$0.0005817","- -","$5,627,822","$118,072","--","--"
"3x Short XRP Token","XRPBEAR","$0.000002083","- -","$0","$116,007","--","--"
"Artex","ARTEX","$0.007647","$175,871","$764,657","$117,371","--","23,000,000.00 ARTEX"
"Zoe Cash","ZOE","$0.1129","- -","$11,289,334","$118,773","--","--"
"ethArt","ARTE","$5.20","- -","- -","$120,843","--","--"
"NAFTY","NAFTY","$0.000385","- -","$38,504,005","$86,159","--","--"
"A2DAO","ATD","$0.7135","- -","$14,270,381","$86,318","--","--"
"Olive.Cash","OLIVE","$0.2538","- -","$5,330,292","$86,669","--","--"
"SafeBlast","BLAST","$0.000000002435","- -","$2,434,751","$86,957","--","--"
"Bistroo","BIST","$0.1498","- -","$14,981,470","$87,325","--","--"
"Coinbase tokenized stock FTX","COIN","$252.88","- -","- -","$87,403","--","--"
"Metis","MTS","$0.0232","- -","$27,834,010","$87,678","--","--"
"Memecoin","MEM","$0.2652","- -","$26,523,651","$87,811","--","--"
"Save Planet Earth","SPE","$0.00000003298","$14,717,858","$32,975,952","$87,950","--","446,320.98B SPE"
"Strike USDC","sUSDC","$0.0201","- -","- -","$88,027","--","--"
"Baby Shiba Inu","BABYSHIBAINU","$0.000000007083","- -","$7,082,650","$88,434","--","--"
"Keysians Network","KEN","$0.498","- -","$4,980,459","$87,909","--","--"
"Fire Token","FIRE","$0.001573","- -","$1,572,818","$62,306","--","--"
"3X Long Ethereum Classic Token","ETCBULL","$16.39","- -","$30,319","$61,814","--","--"
"Emblem","EMB","$0.1326","- -","$39,767,987","$62,227","--","--"
"GreenTrust","GNT","$0.00001038","$298,533,713","$1,309,362,313","$62,241","--","28,751.95B GNT"
"Dot Finance","PINK","$0.1545","- -","$15,451,134","$70,581","--","--"
"Inverse Finance","INV","$193.01","- -","$19,300,702","$62,471","--","--"
"Cannumo","CANU","$0.01223","- -","$8,507,146","$62,618","--","--"
"Shrew","SHREW","$0.0006987","- -","$865,122","$119,368","--","--"
"Evai.io","EVAI","$0.5079","- -","$507,912,146","$62,759","--","--"
"Woofy","WOOFY","$0.02903","- -","- -","$63,460","--","--"
"Realfinance Network","REFI","$0.004883","- -","$488,308","$63,381","--","--"
"SYL","SYL","$0.002167","- -","$21,667,851","$63,693","--","--"
"OBORTECH","OBOT","$0.01174","$1,174,374","$3,523,122","$44,939","--","100,000,000.00 OBOT"
"MegaCryptoPolis","MEGA","$14.53","- -","$14,525,358","$44,744","--","--"
"Strike UNI","sUNI","$0.4998","- -","- -","$44,907","--","--"
"BabyBUSD","BABYBUSD","$0.00001145","- -","$1,144,584","$44,873","--","--"
"UniDex","UNIDX","$0.7651","$2,635,063","$3,060,598","$44,958","--","3,443,853.18 UNIDX"
"DeFi City","DFC","$0.07347","- -","$7,347,059","$44,978","--","--"
"QiSwap","QI","$0.07893","- -","- -","$45,595","--","--"
"Baby Moon Wolf","BABYWOLF","$0.000000000061","$1,720,320","$6,144,037","$45,393","--","28,000,000.00B BABYWOLF"
"Depth Token","DEP","$0.01797","$11,348,569","$179,746,740","$44,709","--","631,364,406.75 DEP"
"pETH18C","pETH18C","$10.60","- -","$10,601,296","$45,796","--","--"
"DFX Finance","DFX","$0.3883","- -","$38,832,212","$33,870","--","--"
"Scaleswap","SCA","$0.3815","- -","- -","$45,082","--","--"
"Morpher","MPH","$0.02938","- -","$30,075,696","$34,142","--","--"
"MDUKEY","MDU","$0.03175","- -","$6,349,273","$34,128","--","--"
"Upfire","UPR","$0.006851","- -","$6,850,536","$34,063","--","--"
"0x_nodes","BIOS","$5.06","- -","$50,615,510","$34,306","--","--"
"4ART Coin","4ART","$0.1028","$78,693,064","$360,627,815","$34,375","--","765,594,340.00 4ART"
"Libfx","LIBFX","$0.02318","- -","$811,156","$34,595","--","--"
"CrossWallet","CWT","$0.01064","$531,759","$531,759","$34,617","--","50,000,000.00 CWT"
"KONJUNGATE","KONJ","$0.001898","$1,533,103","$1,533,080","$34,765","--","807,946,418.00 KONJ"
"Stater","STR","$0.1158","- -","- -","$34,797","--","--"
"MiniSwap","MINI","$0.02681","- -","$26,814,586","$34,923","--","--"
"CheeseSwap","CHS","$0.0285","- -","$71,040","$35,672","--","--"
"Polystarter.net","POLR","$0.3313","- -","$3,313,094","$34,987","--","--"
"NTON","NTON","$0.005697","$354,574","$19,940,353","$35,449","--","62,235,982.00 NTON"
"TendieSwap","TENDIE","$2.96","$15,730,291","$15,673,482","$35,619","--","5,318,515.72 TENDIE"
"Ziktalk","ZIK","$0.001384","- -","$13,836,743","$35,739","--","--"
"peachfolio","PCHF","$0.002085","- -","$2,084,772","$35,806","--","--"
"Volatility Protocol Token","VOL","$0.7471","- -","- -","$35,891","--","--"
"Fanspel","FAN","$0.2765","- -","$522,608,499","$36,472","--","--"
"Intelligent Investment Chain","IIC","$0.0001634","- -","$3,430,834","$36,334","--","--"
"moonwolf.io","WOLF","$0.000004092","$1,955,816","$4,091,665","$36,610","--","478.00B WOLF"
"MoonEdge","MOONED","$0.05513","- -","$11,025,232","$35,173","--","--"
"Ninja Doge","$NINJADOGE","$0.000000000819","- -","$818,747","$36,527","--","--"
"GHOSTFACE","GHOSTFACE","$0.000000001483","- -","$1,482,935","$36,591","--","--"
"PlayChip","PLA","$0.009274","- -","$463,720,060","$33,481","--","--"
"Goatcoin","GOAT","$305.93","- -","$305,626","$36,620","--","--"
"SolFarm","TULIP","$2.91","- -","$29,099,901","$36,763","--","--"
"Mazzuma","MAZ","$0.6551","- -","$65,512,508","$36,687","--","--"
"Oviex","OVI","$1.50","- -","$150,381,316","$36,835","--","--"
"Dogira","DOGIRA","$0.09061","- -","$9,061,033","$37,113","--","--"
"vBSWAP","VBSWAP","$33.19","- -","$3,318,598","$37,485","--","--"
"Aquari","AQUARI","$0.00001433","- -","$1,432,898","$37,389","--","--"
"BulleX","BLX","$0.001059","- -","$1,059,012","$37,436","--","--"
"Mammon","MMON","$0.0142","- -","$85,307","$38,631","--","--"
"Olecoin","OLE","$0.003265","- -","$32,650,101","$37,047","--","--"
"Mommy Doge Coin","MOMMYDOGE","$0.000000000002","- -","$1,038,837","$37,757","--","--"
"UNIFI DeFi","UNIFI","$0.002503","- -","$445,810","$37,745","--","--"
"10x.gg","XGG","$0.000059","- -","$59,004","$37,577","--","--"
"Algory Project","ALG","$0.2499","$1,724,192","$3,823,207","$37,928","--","6,900,000.00 ALG"
"MGC Token","MGC","$0.007327","- -","$4,396,383","$38,272","--","--"
"MoonStar","MOONSTAR","$0.00000000291","- -","- -","$38,326","--","--"
"Yearn Loans Finance","YLFI","$69.31","$149,847","$266,495","$38,049","--","2,162.00 YLFI"
"ROCKI","ROCKS","$0.436","- -","$43,597,496","$38,068","--","--"
"Phoswap","PHO","$0.0171","- -","$171,030","$37,836","--","--"
"Easticoin","ESTI","$0.00275","- -","$2,062,566","$38,278","--","--"
"YearnAgnostic Finance","YFIAG","$1.62","- -","$1,180,105","$38,472","--","--"
"Booster","BOO","$0.04031","- -","$4,031,191","$38,470","--","--"
"Collateral Pay Governance","COLLG","$3,125.85","- -","$31,258,462","$38,703","--","--"
"WingShop","WING","$0.004978","- -","$49,781","$39,683","--","--"
"Fundum Capital","FND","$2.38","$130,881,221","$237,965,856","$38,709","--","55,000,000.00 FND"
"TeslaSafe","TESLASAFE","$0.00000002406","- -","$24,060,597","$38,930","--","--"
"OpenAlexa Protocol","OAP","$4.99","- -","$49,926,491","$38,891","--","--"
"Sake","SAK3","$14,928.77","- -","$13,256,743","$38,896","--","--"
"Infinitee Finance","INFTEE","$0.01278","- -","$1,278,324","$38,961","--","--"
"Tycoon","TYC","$0.07519","- -","$10,137,031","$39,116","--","--"
"JFIN","JFC","$0.2492","- -","$74,774,504","$39,037","--","--"
"Museum of Crypto Art","MOCA","$5.84","- -","- -","$39,075","--","--"
"Your Finance Decentralized","YFD","$5.60","- -","$112,026","$43,883","--","--"
"3X Long OKB Token","OKBBULL","$58.35","- -","$552","$39,223","--","--"
"Vinci","VINCI","$6.00","- -","$1,799,242,244","$39,374","--","--"
"HashBridge Oracle","HBO","$0.0306","- -","$30,597,665","$39,558","--","--"
"DogeBTC","DOGEBTC","$0.000003612","- -","$361,161","$39,821","--","--"
"Xrpalike Gene","XAG","$0.01478","$18,798,761","$1,478,262,132","$39,843","--","1.27B XAG"
"DeFinity","DEFX","$0.137","- -","$23,500,849","$40,096","--","--"
"Hare Token","HARE","$0","- -","$0","$40,103","--","--"
"Krill","KRILL","$0.09143","- -","$1,279,976","$40,100","--","--"
"Loon Network","LOON","$0.01087","- -","- -","$40,462","--","--"
"DekBox","DEK","$0.014","- -","$1,260,202","$40,220","--","--"
"Pilot","PTD","$0.1321","- -","$13,211,671","$40,367","--","--"
"SafeETH","SAFEETH","$0.000000001218","- -","$1,218,421","$40,527","--","--"
"BasketDAO","BASK","$52.72","- -","--","- -","$36,651,754","$40,656"
"Shibaken Finance","SHIBAKEN","$0.000000000028","$2,626,952","$2,790,190","$40,643","--","94,155,978.90B SHIBAKEN"
"BSYS","BSYS","$0.004291","- -","$4,291,013","$40,715","--","--"
"Combo","COMB","$0.001854","- -","$1,854,256","$40,714","--","--"
"Punk","PUNK","$281,969.34","- -","- -","$41,209","--","--"
"Richie","RICH","$0.000000005415","- -","$5,414,941","$41,499","--","--"
"Gains Farm","GFARM2","$125.29","- -","$12,528,639","$41,596","--","--"
"Nectar","NEC","$0.07305","- -","$45,152,907","$41,934","--","--"
"PlayAndLike","PAL","$0.000001982","- -","$178,393,313,633","$41,466","--","--"
"AstroElon","ELONONE","$0.000000009603","- -","$9,602,737","$42,190","--","--"
"REDi","REDI","$0.002317","- -","$18,534,300","$42,270","--","--"
"2local","2LC","$0.0008444","- -","$40,531,852","$42,736","--","--"
"Basis Dollar Share","BSDS","$0.1298","- -","$105,481","$42,577","--","--"
"Manyswap","MANY","$0.02352","- -","$235,240","$42,662","--","--"
"Supermoon","OSM","$0.000000003253","- -","$3,252,664","$43,226","--","--"
"Robust Token","RBT","$42.27","- -","$4,227,460","$43,363","--","--"
"TripCandy","CANDY","$0.007146","- -","$7,146,285","$43,563","--","--"
"Space Token","SPACE","$0.09125","- -","$31,937,526","$43,915","--","--"
"Pluto","PLUT","$0.06346","- -","- -","$43,904","--","--"
"Omni Real Estate Token","ORT","$0.06512","- -","$6,512,112","$44,170","--","--"
"Only 1 Token","O1T","$3,135,683.93","- -","$3,135,684","$44,100","--","--"
"KP2R.Network","KP2R","$1.42","- -","- -","$43,872","--","--"
"Freeliquid","FL","$0.9429","- -","$942,921","$44,719","--","--"
"RamenSwap","RAMEN","$0.0954","$59,707","$1,001,762","$44,792","--","625,884.00 RAMEN"
"Bankless DAO","BANK","$0.03701","- -","- -","$44,552","--","--"
"GazeTV","GAZE","$0.002594","- -","$2,593,752","$44,601","--","--"
"Meter Governance mapped by Meter.io","eMTRG","$1.60","- -","$4,793,796","$45,849","--","--"
"Crypto Price Index","CPI","$0.2386","- -","$71,576,844","$46,819","--","--"
"Raku Coin","RAKUC","$0.0000003216","- -","$321,563","$46,897","--","--"
"Skillchain","SKI","$0.02891","- -","$5,515,358","$47,505","--","--"
"FarmHero","HONOR","$0.05413","- -","$27,065,750","$45,462","--","--"
"BSC Gold","BSCGOLD","$0.0003408","- -","$340,764","$47,795","--","--"
"wanUSDC","WANUSDC","$1.00","- -","$210,395,916","$42,973","--","--"
"MP3","MP3","$0.01642","- -","- -","$48,327","--","--"
"TruBadger","TRUBGR","$0.00000002213","- -","$22,130,889","$48,813","--","--"
"Decubate","DCB","$0.024","$369,548","$23,996,607","$48,849","--","15,400,000.00 DCB"
"Cometh","MUST","$118.11","- -","--","$118,113,533","$9,939,449","$48,740"
"Micro Bitcoin Finance","MBTC","$8.31","- -","$174,473","$48,907","--","--"
"Mixin","XIN","$359.75","$215,518,230","$359,748,064","$48,773","--","599,081.00 XIN"
"Bafe io","BAFE","$0.000000002977","- -","- -","$48,836","--","--"
"LemoChain","LEMO","$0.01203","- -","$19,248,447","$49,339","--","--"
"Hey Bitcoin","HYBN","$0.03755","$18,772,727","$86,767,543","$49,424","--","499,999,999.00 HYBN"
"CateCoin","CATE","$0.000000101","$1,566,260","$9,843,785","$49,885","--","15,507.82B CATE"
"Dink Doink","DINK","$0.000000000126","- -","$1,264,740","$49,532","--","--"
"Chainsquare","CHS","$0.9652","- -","- -","$49,753","--","--"
"Keisuke Inu","$KEI","$0.000000000028","- -","$2,791,490","$50,351","--","--"
"Manifold Finance","FOLD","$13.87","- -","- -","$50,538","--","--"
"Copiosa Coin","COP","$0.01519","- -","$7,595,223","$50,730","--","--"
"1x Short Bitcoin Token","HEDGE","$117.71","- -","$117,709,999,882","$50,655","--","--"
"MINDOL","MIN","$0.2541","- -","$60,986,849","$50,756","--","--"
"Useless","USELESS","$0.000000007574","- -","$7,573,914","$51,182","--","--"
"Binance VND","BVND","$0.00004225","- -","$971,851","$51,005","--","--"
"Prostarter","PROT","$0.079","$410,784","$5,924,768","$51,247","--","5,200,000.00 PROT"
"SecretSky.finance","SSF","$0.0004573","- -","$457,281","$51,394","--","--"
"Cryptofifa","FFA","$0.02501","- -","$25,005,930","$51,307","--","--"
"UNCL","UNCL","$25.05","- -","- -","$51,695","--","--"
"EIDOS","EIDOS","$0.00009203","- -","$92,029","$52,176","--","--"
"DISCIPLINA","DSCPL","$0.004463","$1,673,566","$6,515,750","$52,010","--","375,000,000.00 DSCPL"
"Cake Monster","MONSTA","$0.0003341","- -","$3,341,110","$52,981","--","--"
"iBNB","IBNB","$0.000000002929","- -","$2,929,227","$52,328","--","--"
"3X Short TRX Token","TRXBEAR","$0.00000234","- -","$0","$52,462","--","--"
"BNS Token","BNS","$0.08512","$4,838,256","$212,795,296","$53,028","--","56,841,668.00 BNS"
"Cream ETH 2","CRETH2","$2,439.21","- -","- -","$52,618","--","--"
"Ki","XKI","$0.1389","- -","$119,698,163","$52,189","--","--"
"Bakery Tools","TBAKE","$0.007754","- -","$744,361","$53,297","--","--"
"Ourglass","GLASS","$0.000000004338","- -","$4,337,733","$53,845","--","--"
"Freela","FREL","$0.004231","- -","$4,230,739","$54,243","--","--"
"Dotmoovs","MOOV","$0.007381","- -","$7,380,786","$53,708","--","--"
"BETFURY","BFG","$0.03088","- -","$154,397,848","$54,139","--","--"
"PAWGcoin","$PAWG","$0.000000003368","- -","$3,367,792","$54,090","--","--"
"Wrapped ILCOIN","WILC","$0.0022","- -","$5,500,992","$54,252","--","--"
"IAGON","IAG","$0.04361","$1,460,786","$43,605,553","$54,666","--","33,500,000.00 IAG"
"Blockmason Link","BLINK","$0.0003612","- -","$1,806,012","$54,983","--","--"
"Project Quantum","QBIT","$0.00001168","$2,420,247","$116,800,526","$54,925","--","207.21B QBIT"
"NFTBooks","NFTBS","$0.00000000001","- -","$1,024,567","$55,513","--","--"
"FOMO LAB","FOMO","$0.0714","$1,835,009","$71,401,117","$55,720","--","25,700,000.00 FOMO"
"Vancat","VANCAT","$0.000000004601","- -","- -","$55,536","--","--"
"iOWN Token","iOWN","$0.0162","- -","$7,291,484","$55,627","--","--"
"Dcoin Token","DT","$0.006923","- -","$6,922,864","$55,612","--","--"
"3x Short Litecoin Token","LTCBEAR","$0.009007","- -","$3","$55,938","--","--"
"renZEC","RENZEC","$119.69","- -","$1,143,058","$61,261","--","--"
"SaferMoon","SAFERMOON","$0.00000000664","- -","$6,639,885","$56,309","--","--"
"DashSports","DASS","$0.00000001042","- -","$10,417,774","$56,238","--","--"
"MP4","MP4","$0.002729","- -","$736,825","$56,222","--","--"
"Roseon Finance","ROSN","$0.1035","$1,573,106","$10,352,002","$56,339","--","15,196,157.00 ROSN"
"Foliowatch","FWATCH","$0.001284","- -","$256,770","$56,993","--","--"
"ToolApe","TAPE","$0.01673","- -","$1,673,259","$56,694","--","--"
"Interest Bearing ETH","ibETH","$3,018.07","- -","- -","$56,589","--","--"
"Tessla Coin","TSLA","$0.3188","- -","$3,506,565,445","$57,190","--","--"
"Artery Network","ARTR","$1.42","- -","$5,673,250,963","$57,044","--","--"
"DeFIRE","CWAP","$1.01","- -","$101,354,674","$56,828","--","--"
"OneSwap DAO Token","ONES","$1.02","- -","$101,692,406","$56,974","--","--"
"Ramifi Protocol","RAM","$0.08709","- -","$628,145","$57,314","--","--"
"Upper Pound","GBPU","$1.39","- -","$139,497,766","$57,509","--","--"
"Secret (ERC20)","WSCRT","$1.24","- -","- -","$55,031","--","--"
"Sting Defi","SDFI","$1.57","- -","$156,766","$58,512","--","--"
"3X Long TRX Token","TRXBULL","$0.2886","- -","$139,124","$58,050","--","--"
"Swapz","SWAPZ","$0.02198","$593,577","$21,984,323","$58,669","--","27,000,000.00 SWAPZ"
"Raptor Token","RAPTR","$0.000000002059","- -","$964,750","$57,594","--","--"
"Quantfury Token","QTF","$5.00","$50,019,062","$500,190,618","$52,950","--","10,000,000.00 QTF"
"Satopay Network","STOP","$0.001527","- -","$595,660","$59,163","--","--"
"Asia Reserve Currency Coin","ARCC","$0.0858","- -","$7,603,357,320","$45,441","--","--"
"BULL FINANCE","BULL","$0.000000004392","- -","$2,195,922","$59,221","--","--"
"WardenSwap","WAD","$0.4116","$16,579,462","$131,706,019","$59,244","--","40,282,350.00 WAD"
"PrivacySwap","PRV","$3.69","- -","$328,935","$60,993","--","--"
"SIL.FINANCE","SIL","$151.81","- -","$4,554,209","$60,169","--","--"
"Yieldly","YLDY","$0.006629","- -","$66,292,018","$55,283","--","--"
"Catge coin","CATGE","$0.000000005721","$4,019,021","$4,369,017","$59,715","--","702,530.32B CATGE"
"Pornstar","STAR","$0.000000007969","- -","$3,984,259","$61,001","--","--"
"Upper Euro","EURU","$1.20","- -","$119,758,081","$60,949","--","--"
"CatBread","CATBREAD","$0.000000004322","- -","$4,321,800","$60,650","--","--"
"Upper Dollar","USDU","$0.9981","- -","$99,814,473","$60,870","--","--"
"DGPayment","DGP","$0.07492","- -","$26,222,674","$62,527","--","--"
"Mantis","MNTIS","$0.5115","- -","$87,216,849","$61,687","--","--"
"StrikeCoin","STRIKE","$0.008036","- -","$8,035,517","$65,304","--","--"
"Nyantereum International","NYANTE","$0.0000002525","$11,286","$252,474","$65,126","--","44.70B NYANTE"
"LunarSwap","LUNAR","$0.0001357","- -","$1,357,121","$64,476","--","--"
"Alaya","ATP","$2.39","- -","- -","$64,097","--","--"
"All.me","ME","$0.007265","- -","$72,653,161","$77,481","--","--"
"Bitcoin File","BIFI","$0.001538","- -","$32,377,904","$63,481","--","--"
"NEXTYPE","NT","$0.06184","- -","$49,469,714","$64,832","--","--"
"Synthetify","SNY","$2.26","$7,678,130","$225,827,365","$65,341","--","3,400,000.00 SNY"
"KUN","KUN","$0.5674","- -","--","$6,808,708","$227,269","$65,869"
"SafeBreast Inu","BREAST","$0.000001076","- -","- -","$66,212","--","--"
"LinkToken","LTK","$0.018","- -","$27,004,869","$61,308","--","--"
"xxxNifty","NSFW","$0.00005319","- -","$3,707,265","$66,480","--","--"
"Dogefather","DOGEFATHER","$0.00000001601","- -","$16,008,078","$66,711","--","--"
"X-Block","IX","$0.00008362","- -","$418,104","$68,129","--","--"
"BabyDot","BDOT","$7,735.58","- -","$781,294","$67,504","--","--"
"One Share","ONS","$7.20","- -","$719,656","$68,608","--","--"
"PhoenixDefi.Finance","PNIX","$0.006666","- -","$324,372","$68,809","--","--"
"SocialGood","SG","$0.7748","- -","$162,708,504","$69,034","--","--"
"Liti Capital","WLITI","$0.02455","- -","$147,319,281","$68,094","--","--"
"Jointer","JNTR","$0.06832","- -","$814,921,410","$68,276","--","--"
"Ludos Protocol","LUD","$0.0002296","$37,476","$2,295,651","$70,145","--","163,247,872.00 LUD"
"BabyDoge ETH","BABYDOGE","$0.00000000531","$2,579,320","$5,309,894","$67,025","--","485,757.78B BABYDOGE"
"Media Network","MEDIA","$35.90","- -","- -","$68,056","--","--"
"LinkArt","LAR","$0.001994","- -","$19,938,012","$68,692","--","--"
"Saturna","SAT","$0.0000000038","- -","$3,800,422","$68,536","--","--"
"TecraCoin","TCR","$1.42","- -","$299,195,483","$68,611","--","--"
"KickPad","KPAD","$0.01322","- -","- -","$69,003","--","--"
"GGDApp","GGTK","$0.5367","- -","$25,120,254","$69,011","--","--"
"STARSHIP","STARSHIP","$0.115","- -","$2,300,194","$69,753","--","--"
"SURF Finance","SURF","$0.4901","- -","- -","$64,820","--","--"
"Swop","SWOP","$14.19","- -","$85,121,413","$68,885","--","--"
"Sovryn","SOV","$11.01","- -","$1,100,587,452","$60,424","--","--"
"Ndau","NDAU","$35.63","- -","$1,068,755,579","$70,106","--","--"
"3X Long Cosmos Token","ATOMBULL","$0.06659","- -","$137","$71,116","--","--"
"PinkPanda","PINKPANDA","$0.000000007468","- -","$7,468,379","$70,493","--","--"
"YAS","YAS","$0.0519","- -","$5,190,119","$71,716","--","--"
"bDollar","BDO","$0.04641","- -","$34,673","$69,595","--","--"
"Apple tokenized stock FTX","AAPL","$147.27","- -","- -","$70,816","--","--"
"Moon Nation Game","MNG","$0.01149","- -","$4,415,071","$71,351","--","--"
"UniFi Protocol","UP","$0.7025","- -","$893,828","$72,084","--","--"
"DAOhaus","HAUS","$14.38","- -","- -","$72,481","--","--"
"OXO.Farm","OXO","$0.05947","- -","$3,568","$72,288","--","--"
"Jubi Token","JT","$0.07886","- -","$78,855,707","$72,678","--","--"
"PocMon","PMON","$0.000000006306","$2,130,866","$6,305,588","$72,772","--","337,932.86B PMON"
"Blockchain Exchange Alliance","BXA","$0.001291","- -","$25,829,817","$73,801","--","--"
"Rake Finance","RAK","$17.07","- -","$128,015","$72,860","--","--"
"PUML Better Health","PUML","$0.01243","$6,214,826","$6,214,826","$74,404","--","500,000,000.00 PUML"
"One Basis Cash","OBS","$8.33","- -","$816,538","$73,945","--","--"
"MocktailSwap","MOK","$0.02391","- -","$478,114","$73,798","--","--"
"Rebasing Liquidity","DELTA-RLP","$241.67","- -","- -","$71,780","--","--"
"CBET Token","CBET","$0.0000002609","$260,880,810","$260,880,813","$74,271","--","1,000,000.00B CBET"
"Hintchain","HINT","$0.002641","- -","$2,641,484","$74,559","--","--"
"Dexfolio","DEXF","$0.02341","- -","- -","$75,341","--","--"
"Amazon tokenized stock FTX","AMZN","$3,383.50","- -","- -","$75,416","--","--"
"PizzaSwap","PIZZA","$0.239","- -","$119,506","$75,017","--","--"
"AMPnet Asset Platform and Exchange","AAPX","$1.15","- -","$8,074,080","$75,834","--","--"
"EthereumPay","EPAY","$0.000001529","- -","$3,057,224","$76,115","--","--"
"Mogu","MOGX","$0.01029","- -","$10,294,644","$77,248","--","--"
"Sekuritance","SKRT","$0.02078","- -","$16,999,119","$75,929","--","--"
"LITTLE RABBIT","LTRBT","$0","- -","- -","$77,427","--","--"
"Experty Wisdom Token","WIS","$0.05103","- -","$4,051,785","$77,872","--","--"
"Medican Coin","MCAN","$0.07452","- -","$372,618,414","$77,659","--","--"
"governance ZIL","GZIL","$117.48","- -","$84,899,771","$77,340","--","--"
"EFT.finance","EFT","$147.05","$8,087,680","$8,087,680","$78,327","--","55,000.00 EFT"
"Busy DAO","BUSY","$0.01857","$725,456","$4,734,099","$77,793","--","39,076,323.00 BUSY"
"Mindsync","MAI","$0.02407","- -","$2,859,604","$75,660","--","--"
"One Get Coin","OGC","$1.10","- -","$10,955,702","$78,406","--","--"
"OptionPanda","OPA","$0.008962","- -","$4,481,185","$75,952","--","--"
"3X Long Altcoin Index Token","ALTBULL","$31.52","- -","$946","$78,640","--","--"
"StarLink","SLNV2","$0.002615","- -","$2,615,067","$79,704","--","--"
"Military Finance","MIL","$0.000002401","- -","$2,400,632","$77,445","--","--"
"Counterparty","XCP","$3.77","$9,851,769","$9,849,313","$78,619","--","2,615,141.64 XCP"
"ShineChain","SHE","$0.0005219","- -","$2,609,670","$78,952","--","--"
"Wrapped CrescoFin","wCRES","$14.83","- -","$178,005,321","$80,942","--","--"
"BitcoinX","BCX","$0.001186","- -","$249,071,548","$80,346","--","--"
"Hugo Finance","HUGO","$0.0005982","- -","$1,196,318","$81,874","--","--"
"yffi finance","YFFI","$3.90","- -","$116,909","$66,576","--","--"
"Exen Coin","EXEN","$2.75","$35,990,932","$41,294,721","$82,418","--","13,073,438.00 EXEN"
"MyBricks","$BRICKS","$0.0144","- -","$14,398,245","$82,939","--","--"
"BlackPool","BPT","$3.84","$4,173,233","$384,062,320","$82,756","--","1,086,603.00 BPT"
"JBOX","JBX","$0.003223","- -","$644,685","$83,323","--","--"
"Moonarch.app","MOONARCH","$0.01764","- -","$1,764,377","$83,884","--","--"
"Hamster","HAM","$0.000000000513","- -","$5,126,064","$84,121","--","--"
"World of Waves","WOW","$0.002853","- -","$5,705,991","$84,319","--","--"
"Foxy Equilibrium","Foxy","$0.6961","- -","$2,088,232","$84,713","--","--"
"CumInu","CUMINU","$0.0008573","- -","$8,573,243","$85,010","--","--"
"Black Diamond Rating","HZT","$0.02564","- -","$256,432,425","$85,340","--","--"
"BSC TOOLS","TOOLS","$0.07344","- -","$7,344,395","$85,797","--","--"
"Bitrise Token","BRISE","$0.000000004732","- -","$4,731,666","$89,154","--","--"
"Matic Aave Interest Bearing USDC","MAUSDC","$1.06","- -","- -","$88,988","--","--"
"QURAS","XQC","$0.007074","- -","$6,288,371","$90,384","--","--"
"UME Token","UME","$2.90","- -","$66,795,536","$89,622","--","--"
"Save Ralph","RALPH","$0.000000003085","- -","- -","$90,086","--","--"
"xToken","XTK","$0.1246","- -","--","$124,592,274","$26,406,810","$89,460"
"Xiglute Coin","XGC","$0.00000185","- -","$388,565,927","$91,194","--","--"
"Nitroex","NTX","$0.0006123","- -","$6,735,553","$90,233","--","--"
"UltimoGG","ULTGG","$0.000000008807","- -","$8,807,118","$90,798","--","--"
"Minds","MINDS","$1.40","$8,848,614","$350,382,532","$90,361","--","6,313,538.00 MINDS"
"NFT STARS","NFTS","$2.38","- -","$47,642,665","$90,632","--","--"
"MissDoge","MDOGE","$0.000000001994","- -","$1,993,572","$91,286","--","--"
"Nodeseeds","NDS","$77.90","- -","$7,790,303","$91,025","--","--"
"Uniris","UCO","$0.1266","- -","$1,265,501,436","$88,760","--","--"
"KEY","KEY","$0.000506","- -","$50,599,395","$92,787","--","--"
"Polylastic","POLX","$0.0003937","$3,517,229","$39,371,295","$92,542","--","8.93B POLX"
"Basis Share","BAS","$4.33","- -","- -","$92,567","--","--"
"LockTrip","LOC","$5.65","$68,004,287","$105,003,902","$92,183","--","12,032,452.10 LOC"
"Kianite Finance","KIAN","$0.01418","- -","- -","$92,244","--","--"
"IFToken","IFT","$0.003674","- -","$7,715,630","$93,566","--","--"
"Golden Token","GOLD","$0.01887","- -","$18,482","$90,912","--","--"
"EHash","EHASH","$0.1968","- -","$3,936,252","$94,616","--","--"
"CoinMetro Token","XCM","$0.1819","$55,135,731","$60,033,076","$92,182","--","303,079,442.00 XCM"
"Safe Star","SAFESTAR","$0.000000005103","$2,809,176","$2,809,174","$93,419","--","550,445.40B SAFESTAR"
"TOZEX","TOZ","$0.2798","- -","$447,751","$94,154","--","--"
"Shibance","WOOF","$0.01781","- -","- -","$95,210","--","--"
"Dexfin","DXF","$0.01309","- -","$15,286,562","$95,751","--","--"
"SafeLaunch","SFEX","$0.4344","- -","$4,344,193","$96,229","--","--"
"xWIN Finance","XWIN","$2.45","- -","$245,078,671","$98,683","--","--"
"PooCoin","POOCOIN","$2.40","- -","$24,021,327","$97,457","--","--"
"Altura","ALU","$0.004773","- -","$4,773,213","$97,253","--","--"
"Evodefi","GENX","$0.3526","- -","$1,763,092","$97,061","--","--"
"Meter Stable","MTR","$1.41","- -","- -","$97,700","--","--"
"3X Short Chainlink Token","LINKBEAR","$0.00000006831","- -","$0","$98,980","--","--"
"APWine Finance","APW","$2.04","- -","$101,839,613","$97,863","--","--"
"Munch Token","MUNCH","$0.00000008346","- -","$8,346,401","$99,476","--","--"
"Keep3r BSC Network","KP3RB","$0.3857","- -","- -","$97,923","--","--"
"Itchiro Games","JEM","$2.06","- -","$61,846","$99,100","--","--"
"Pera Finance","PERA","$0.228","- -","$1,607,465","$96,336","--","--"
"WorkQuest Token","WQT","$0.03355","$448,591","$3,355,209","$98,794","--","13,370,000.00 WQT"
"Safe Energy","ENERGYX","$0.000000003446","- -","$3,446,012","$99,161","--","--"
"CORN","CORN","$13.42","- -","$161,077","$98,511","--","--"
"Jack Token","JACK","$0.4873","- -","- -","$99,548","--","--"
"HBTC Captain Token","HBC","$15.02","- -","$308,649,080","$99,224","--","--"
"Etherlite","ETL","$0.03429","- -","$720,008,126","$97,853","--","--"
"ETG Finance","ETGF","$0.7107","$24,846","$106,606","$101,208","--","34,960.00 ETGF"
"QUAI DAO","QUAI","$0.08214","- -","$8,213,591","$103,103","--","--"
"12Ships","TSHP","$0.0003934","$1,409,696","$1,967,201","$103,891","--","3.58B TSHP"
"DEGEN Index","DEGEN","$4.02","- -","- -","$101,938","--","--"
"Tamy Token","TMT","$0.03779","- -","$75,589,885","$102,613","--","--"
"Revo Network","REVO","$0.003301","- -","$264,066","$102,367","--","--"
"Bandot Protocol","BDT","$0.00334","- -","- -","$103,017","--","--"
"Global Digital Content","GDC","$0.005948","- -","$28,346,288","$106,129","--","--"
"Epanus","EPS","$0.3153","- -","$4,730,041","$103,949","--","--"
"Vulkania","VLK","$0.1548","- -","$6,190,442","$112,152","--","--"
"Pippi Finance","PIPI","$0.02733","- -","- -","$104,194","--","--"
"Cybertronchain","CTC","$21.76","- -","$2,176,028,308","$105,315","--","--"
"Coco Swap","COCO","$0.0004069","- -","$61,016,682","$105,652","--","--"
"Mercor Finance","MRCR","$0.02155","- -","$2,155,411","$107,051","--","--"
"Inverse Bitcoin Volatility Token","IBVOL","$3,295.03","- -","$696,346","$106,339","--","--"
"Tiki Token","TIKI","$0.005782","- -","$5,782,338","$108,162","--","--"
"GSPI Shopping.io Governance","GSPI","$4.33","- -","$4,326,827","$108,700","--","--"
"YFi Management","YEFIM","$33.70","$124,691","$124,691","$104,103","--","3,700.00 YEFIM"
"PRYZ","PRYZ","$0.000008109","- -","$810,930","$106,728","--","--"
"CELEBPLUS","CELEB","$2.23","- -","$2,230,181,995","$105,139","--","--"
"SUP","SUP","$38.92","- -","$3,892,007","$108,572","--","--"
"toad.network","TOAD","$7.92","- -","$1,544,650","$110,068","--","--"
"3x Long Litecoin Token","LTCBULL","$0.1179","- -","$39,800","$111,289","--","--"
"Universe.XYZ","XYZ","$0.116","$18,594,343","$115,973,598","$93,051","--","160,332,553.00 XYZ"
"Alpaca City","ALPA","$0.1643","$1,144,849","$3,286,725","$111,755","--","6,966,503.90 ALPA"
"Evolution Finance","EVN","$718.96","- -","$215,268,039","$109,442","--","--"
"CryptoCart","CC","$9.28","- -","$9,283,626","$120,803","--","--"
"LavaSwap","LAVA","$0.1077","- -","$10,773,691","$108,720","--","--"
"YAM V2","YAMV2","$12.95","$48,248,816","$48,248,816","$111,505","--","3,726,411.00 YAMV2"
"OMNI - People Driven","OMN","$0.08063","$16,555,897","$51,515,022","$116,720","--","205,326,097.60 OMN"
"VROOMGO","VRGX","$0.00301","- -","$30,103,612","$111,403","--","--"
"REBIT","KEYT","$0.007322","- -","$16,108,714","$107,024","--","--"
"TEN","TENFI","$0.108","- -","$27,639,322","$113,493","--","--"
"Ethermon","EMON","$0.2265","- -","$90,583,592","$116,222","--","--"
"Temtum","TEM","$0.6842","- -","$1,026,276,466","$111,667","--","--"
"Ballswap","BSP","$0.00239","- -","$2,124,263,906","$112,858","--","--"
"xDAI","xDAI","$1.00","- -","- -","$112,892","--","--"
"Crusaders of Crypto","CRUSADER","$0.000000004667","- -","$4,666,916","$114,992","--","--"
"Lith Token","LITH","$0.001406","- -","$14,060,738","$113,785","--","--"
"MyToken","MT","$0.0008252","- -","$3,300,752","$114,162","--","--"
"Dynamic Set Dollar","DSD","$0.0192","- -","$678,197","$118,759","--","--"
"CashBackPro","CBP","$1.00","$102,179,323","$102,179,323","$153,138","--","102,000,000.00 CBP"
"Findora","FRA","$0.02036","$48,135,663","$427,468,468","$115,561","--","2.36B FRA"
"Mineral","MNR","$0.003692","- -","$3,691,569","$120,414","--","--"
"Biswap","BSW","$1.11","- -","$774,776,174","$120,908","--","--"
"YouLive Coin","UC","$0.0002166","- -","$2,165,757","$120,882","--","--"
"Baby Shark","SHARK","$0.000000003706","- -","$2,890,372","$121,485","--","--"
"Onooks","OOKS","$0.3127","- -","$3,752,665","$121,782","--","--"
"Strike LINK","sLINK","$0.4876","- -","- -","$121,582","--","--"
"NFTMart Token","NMT","$0.1559","- -","$15,589,282","$122,120","--","--"
"The Luxury Coin","TLB","$51.11","$110,167,920","$5,110,756,158","$122,540","--","2,155,609.00 TLB"
"Wrapped Celo","WCELO","$2.79","- -","$1,828,507","$114,698","--","--"
"AquaGoat.Finance","AQUAGOAT","$0.000000000163","- -","$16,252,440","$122,933","--","--"
"BlackDragon","BDT","$12.36","- -","$24,718,953","$122,112","--","--"
"Wild Credit","WILD","$0.387","- -","- -","$122,769","--","--"
"IDall","IDALL","$0.002958","- -","$2,957,823","$124,084","--","--"
"ShibaCash","SHIBACASH","$0.00000000499","$845,149","$2,495,234","$130,798","--","169,352.50B SHIBACASH"
"Alphawolf Finance","AWF","$0.00000001103","- -","$11,034,061","$138,689","--","--"
"Hive Dollar","HBD","$1.01","- -","- -","$125,626","--","--"
"Bancor Governance Token","VBNT","$0.9177","- -","$50,938,166","$126,655","--","--"
"Connect Financial","CNFI","$0.3978","- -","$43,156,193","$126,602","--","--"
"Tether Gold","XAUT","$1,806.73","$87,536,072","$7,209,259","$128,444","--","48,450.00 XAUT"
"FNK wallet","FNK","$0.4534","- -","$45,336,052","$128,136","--","--"
"WaykiChain Governance Coin","WGRT","$0.005037","- -","$105,781,148","$131,118","--","--"
"BULLS","BULLS","$0.03528","- -","$211,700","$128,855","--","--"
"Feyorra","FEY","$0.005361","- -","$5,360,545","$131,562","--","--"
"SafeMars","SMARS","$0.0000000953","- -","$38,118,968","$131,182","--","--"
"TribeOne","HAKA","$0.06543","$399,144","$8,205,908","$129,534","--","6,100,000.00 HAKA"
"BlockNoteX","BNOX","$0.5985","- -","$16,445","$131,922","--","--"
"3X Long BNB Token","BNBBULL","$434.00","- -","$2,159,341","$136,275","--","--"
"Yearn Classic Finance","EARN","$9.66","- -","$202,936","$132,471","--","--"
"BabySwap","BABY","$0.07487","- -","$74,865,686","$132,359","--","--"
"ECOC Financial Growth","EFG","$19.48","$1,948,012","- -","$132,627","--","100,000.00 EFG"
"Pitbull","PIT","$0.00000000018","$7,696,371","$17,972,865","$133,643","--","42,821,848.85B PIT"
"Kevacoin","KVA","$0.001287","$214,147","$1,350,956","$134,683","--","166,441,000.00 KVA"
"Ethereum Chain Token","ECT","$0.000132","- -","$13,203,387","$129,205","--","--"
"Zyro","ZYRO","$0.01869","$654,147","$5,606,977","$136,222","--","35,000,000.00 ZYRO"
"YUMMY","YUMMY","$0.000008072","- -","$8,072,492","$133,108","--","--"
"DrunkDoge","DRUNK","$0.003786","- -","$3,785,997","$136,385","--","--"
"Mercurial Finance","MER","$0.4266","- -","$426,600,000","$135,869","--","--"
"Yuan Chain Coin","YCC","$0.01172","- -","$117,161,687","$135,777","--","--"
"Cenfura Token","XCF","$0.08624","- -","- -","$137,677","--","--"
"CoinMerge","CMERGE","$0.0007747","- -","$3,873,708","$134,529","--","--"
"Thoreum","THOREUM","$0.01011","$9,905,553","$50,525,400","$142,745","--","980,254,820.96 THOREUM"
"Release Project","REL","$0.00001137","$801,898","$1,136,692","$138,605","--","70.55B REL"
"CryptoBank","CBANK","$0.0534","- -","$533,970,417","$138,677","--","--"
"xFund","XFUND","$3,571.31","- -","- -","$136,850","--","--"
"RichCity","RICH","$0.000000004367","- -","$4,367,332","$139,521","--","--"
"Rocket Boys","RBOYS","$0.000000002391","- -","$2,390,543","$139,761","--","--"
"Jetfuel Finance","FUEL","$38.27","- -","$4,943,207","$139,640","--","--"
"ZCore Finance","ZEFI","$0.2688","- -","- -","$140,410","--","--"
"Neko Network","NEKO","$337.07","- -","$3,370,670","$140,044","--","--"
"Uhive","HVE2","$0.002468","- -","$148,076,340","$140,325","--","--"
"WHEAT Token","WHEAT","$4.03","- -","--","- -","$6,155,862","$140,626"
"3x Short Bitcoin Cash Token","BCHBEAR","$0.0004397","- -","$4","$140,330","--","--"
"Earnable","EARN","$0.000000001893","- -","$1,892,721","$146,804","--","--"
"RichQUACK.com","QUACK","$0.000000000088","- -","$8,793,465","$141,355","--","--"
"Themis","MIS","$0.1344","- -","$134,394,422","$142,134","--","--"
"Echoin","EC","$0.005235","- -","$10,470,321","$142,252","--","--"
"Tesla tokenized stock FTX","TSLA","$714.65","- -","- -","$141,767","--","--"
"SmartX","SAT","$0.00283","$0","$28,296,271","$140,929","--","100.00 SAT"
"Strike Compound","sCOMP","$9.82","- -","- -","$142,797","--","--"
"LCG","LCG","$0.02216","$55,391,177","- -","$144,917","--","2.50B LCG"
"MM Token","MM","$3.77","- -","$764,666","$143,477","--","--"
"Cub Finance","CUB","$0.6686","- -","$-1","$144,989","--","--"
"Maxonrow","MXW","$0.0165","- -","$153,477,645","$146,246","--","--"
"Cashcow Finance","CCF","$0.6683","- -","$66,832,476","$146,055","--","--"
"ShibaPup","SHIBAPUP","$0.5001","- -","- -","$152,641","--","--"
"Klear Finance","KLEAR","$0.000000001969","- -","$1,959,408","$149,051","--","--"
"Lightning","LIGHT","$0.09436","- -","$9,436,001","$157,077","--","--"
"Strite","STRI","$0.2401","- -","$1,104,015","$152,092","--","--"
"Your Future Exchange","YFX","$0.1774","- -","$17,740,619","$151,906","--","--"
"Farmland Protocol","FAR","$0.07223","$526,075","$4,333,588","$154,808","--","7,283,682.00 FAR"
"Grace Period Token","GPT","$1,078.08","- -","$10,780,846","$152,623","--","--"
"Karma DAO","KARMA","$0.0213","- -","$213,015","$155,244","--","--"
"Swampy","SWAMP","$2.82","- -","$5,643,124","$155,568","--","--"
"PolyDoge","POLYDOGE","$0.000000003587","- -","$3,113,449","$151,947","--","--"
"Sashimi","SASHIMI","$0.02776","- -","$63,944","$155,448","--","--"
"DEUS Finance","DEUS","$5.48","- -","--","$9,825,606","$129,687,602","$155,209"
"Basis Gold","BAG","$0.06517","- -","$664,165","$158,026","--","--"
"Wrapped XDAI","wxDai","$1.02","- -","- -","$156,231","--","--"
"XUSD Stable","XUSD","$0.9975","- -","- -","$159,214","--","--"
"τDoge","ΤDOGE","$0.03427","$3,930,913","$5,140,613","$157,793","--","114,701,682.99 ΤDOGE"
"DEUS Finance DEA","DEA","$156.84","- -","$26,140,232","$158,972","--","--"
"Tiger King","TKING","$0.00001677","- -","$167,727","$159,537","--","--"
"Fanaticos Cash","FCH","$0.002427","- -","$50,960","$161,001","--","--"
"Ethereum Lightning","ETLT","$2.92","- -","$291,792,928","$161,981","--","--"
"Black Diamond","DIAMONDS","$0.000001532","- -","$1,531,574","$161,961","--","--"
"PWAY","PWAY","$1.80","- -","$75,825,039","$171,487","--","--"
"Donkey","DONK","$0.03654","- -","$36,541","$172,168","--","--"
"SEED","SEED","$72.88","- -","$182,211,515,330","$174,004","--","--"
"Somnium Space Cubes","CUBE","$2.40","- -","$240,412,240","$172,940","--","--"
"Spores Network","SPO","$0.02063","$1,279,201","$103,161,403","$174,110","--","62,000,000.00 SPO"
"Zytara dollar","ZUSD","$1.03","- -","- -","$178,272","--","--"
"E-coin Finance","ECOIN","$0.000000002231","- -","$2,230,516","$175,723","--","--"
"BIZZCOIN","BIZZ","$0.2911","$93,167,643","$93,167,643","$176,136","--","320,000,000.00 BIZZ"
"ElonGate","ELONGATE","$0.00000004553","$20,487,722","$45,528,269","$177,358","--","450,000.00B ELONGATE"
"ChainCade","CHAINCADE","$0.000000002818","- -","$2,817,941","$177,633","--","--"
"Goldblock","GBK","$0.0005361","- -","$5,361,251","$177,759","--","--"
"Fortress Lending","FTS","$0.5525","- -","$5,524,984","$176,724","--","--"
"MILC Platform","MLT","$0.04388","- -","$8,775,252","$169,931","--","--"
"Thirm Protocol","THIRM","$1.92","- -","$191,826","$180,521","--","--"
"Mars Network","MARS","$0.008191","- -","$98,294,350","$179,866","--","--"
"Newinu","NEWINU","$0.000000000028","- -","$2,804,969","$181,688","--","--"
"Ztranzit Coin","ZTNZ","$2.20","- -","$6,608,470","$185,741","--","--"
"TopChain","TOPC","$0.002146","- -","$4,506,142","$178,545","--","--"
"EIFI FINANCE","EIFI","$98.09","- -","$14,713,281,077","$180,272","--","--"
"Handy","HANDY","$0.03352","- -","$335,181,671","$181,542","--","--"
"LinkPool","LPL","$5.10","- -","$509,988,688","$180,403","--","--"
"Greenheart CBD","CBD","$0.01452","- -","$2,177,648","$184,223","--","--"
"yVault LP-yCurve","yVault LP-yCurve(YYCRV)","$1.32","- -","$55,194,703","$195,206","--","--"
"Rootkit Finance","ROOT","$2,950.66","- -","$29,506,577","$185,653","--","--"
"Xenon Pay","X2P","$0.00000004352","- -","$6,528,657","$189,486","--","--"
"xNFT Protocol","XNFT","$0.1865","- -","$18,651,803","$184,262","--","--"
"PolkaTrail","TRAIL","$0.02762","- -","$2,762,459","$185,577","--","--"
"Strike SXP","sSXP","$0.04741","- -","- -","$189,078","--","--"
"3X Long Cardano Token","ADABULL","$1,093.21","- -","$101,977","$184,642","--","--"
"Treecle","TRCL","$0.009516","$196,060","$19,031,268","$189,828","--","20,603,966.00 TRCL"
"DFOhub","BUIDL","$1.92","$5,606,928","$57,564,581","$191,249","--","2,922,072.00 BUIDL"
"MetaMoon","METAMOON","$0.000000002279","- -","$2,278,539","$191,534","--","--"
"Tenshi","TENSHI","$0.007844","$4,680,524","$7,844,035","$191,330","--","596,698,542.00 TENSHI"
"Quam Network","QUAM","$0.00688","- -","$688,032","$193,584","--","--"
"Unipilot","PILOT","$4.83","- -","$96,549,125","$186,167","--","--"
"Giftedhands","GHD","$0.0004416","- -","$88,328","$193,001","--","--"
"The People's Coin","PEEPS","$0.00000002659","- -","$26,587,530","$193,905","--","--"
"GameStop tokenized stock FTX","GME","$154.63","- -","- -","$85,248","--","--"
"SafeHamsters","SAFEHAMSTERS","$0.0000018","- -","$4,498,915","$196,227","--","--"
"EA Token","EA","$0.0005815","- -","$58,152,888","$198,710","--","--"
"Baby Satoshi","SATS","$13.38","- -","$1,337,796","$198,448","--","--"
"Kalmar","KALM","$2.83","- -","$28,278,229","$198,163","--","--"
"ARCS","ARX","$0.0189","- -","$377,956,428","$194,126","--","--"
"Brickchain Finance","BRICK","$0.000478","- -","$143,403","$198,940","--","--"
"Nuts Gaming","NUTSG","$0.000000007993","- -","$7,992,918","$232,734","--","--"
"GMR Finance","GMR","$0.00000006335","$17,367,356","$63,352,952","$209,060","--","274,136.49B GMR"
"Xiasi Inu","XIASI","$0.000000000281","- -","$168,765","$194,853","--","--"
"APWars","WGOLD","$0.009976","- -","$2,514,062","$200,714","--","--"
"Strike WBTC","sWBTC","$811.65","- -","- -","$201,522","--","--"
"Balloon-X","BLX","$0.003177","- -","$3,176,740","$200,902","--","--"
